Year,Sector,CN Code,Description,Annual Trade Volume (t),Default Value (tCO2e/t),Mark-up (%),Benchmark (tCO2e/t),CBAM Factor (%),Projected CBAM Exposure (USD)
2026,Iron & Steel,2601 12 00,Agglomerated iron ores,1954006.2254999997,0.680,10,0.086,97.5,110512512.65
2026,Iron & Steel,7201,Pig iron,6.3957500000000005,1.210,10,1.210,97.5,82.38
2026,Iron & Steel,7202 11,Ferro-manganese >2%C,5.178000000000001,1.690,10,1.319,97.5,252.65
2026,Iron & Steel,7202 41,Ferro-chromium >4%C,4.307,2.350,10,1.124,97.5,546.16
2026,Iron & Steel,7202 60 00,Ferro-nickel,3.7712499999999993,3.480,10,2.343,97.5,495.72
2026,Iron & Steel,7203,DRI products,443494.4885,0.450,10,0.397,97.5,4075957.22
2026,Iron & Steel,7205,Granules/powders pig iron,8201.580750000001,2.425,10,1.288,97.5,985610.83
2026,Iron & Steel,7206 10 00,Steel ingots,183.64,1.330,10,1.288,97.5,3240.23
2026,Iron & Steel,7208,HR flat-rolled ≥600mm,1303.7140000000002,1.400,10,1.370,97.5,22675.86
2026,Iron & Steel,7209,CR flat-rolled ≥600mm,198.03775000000002,1.440,10,1.458,97.5,2739.60
2026,Iron & Steel,7210,Flat-rolled ≥600mm coated,5473.173250000001,1.440,10,1.491,97.5,60718.30
2026,Iron & Steel,7211 13 00,Wide flats 150–600mm,0.6332499999999999,1.400,10,1.370,97.5,11.01
2026,Iron & Steel,7212,Flat-rolled <600mm coated,6335.3305,1.440,10,1.491,97.5,70282.90
2026,Iron & Steel,7213,Bars and rods HR in coils,155.46649999999997,1.390,10,1.364,97.5,2635.89
2026,Iron & Steel,7214 20 00,Rebars,5.127249999999999,1.390,10,1.364,97.5,86.93
2026,Iron & Steel,7215,"Bars and rods, cold-formed",503.99399999999997,1.390,10,1.364,97.5,8545.08
2026,Iron & Steel,7216,"Angles, shapes and sections",489.9894999999999,1.390,10,1.364,97.5,8307.63
2026,Iron & Steel,7217 10,"Wire, uncoated",1160.2169999999999,1.390,10,1.364,97.5,19671.15
2026,Iron & Steel,7217 20,"Wire, zinc-coated",417.394,1.390,10,1.397,97.5,5933.17
2026,Iron & Steel,7218 10 00,SS ingots,3178.08825,3.110,10,1.400,97.5,556427.26
2026,Iron & Steel,7219 11 00,SS flat-rolled ≥600mm HR,6.60825,3.220,10,1.170,97.5,1351.27
2026,Iron & Steel,7219 31 00,SS flat-rolled ≥600mm CR,41.71575,3.270,10,1.250,97.5,8448.45
2026,Iron & Steel,7221,SS bars/rods HR in coils,384.28675000000004,3.270,10,1.206,97.5,79231.24
2026,Iron & Steel,7223 00,SS wire in coils,851.36525,3.270,10,1.206,97.5,175532.26
2026,Iron & Steel,7224 10,Alloy steel ingots,370.6405,3.490,10,1.724,97.5,68115.16
2026,Iron & Steel,7225 11 00,Si-elec. steel GO ≥600mm,3233.8505,4.730,10,1.779,97.5,955163.77
2026,Iron & Steel,7225 30,Alloy steel HR ≥600mm coils,234.37400000000002,3.590,10,1.493,97.5,49763.13
2026,Iron & Steel,7225 50,Alloy steel CR ≥600mm,97.15425,3.640,10,1.586,97.5,20332.99
2026,Iron & Steel,7301,Sheet piling,95.74725000000001,1.440,10,1.458,97.5,1324.54
2026,Iron & Steel,7302,Railway track material,159.76075,2.740,10,1.383,97.5,22659.67
2026,Iron & Steel,7303 00,Cast iron tubes/pipes,0,1.850,10,1.484,97.5,0.00
2026,Iron & Steel,7304 19,Seamless line pipe non-SS,3835.1745,1.974,10,1.383,97.5,268645.75
2026,Iron & Steel,7304 39,Seamless circular tubes HR,2256.72525,1.974,10,1.383,97.5,158078.76
2026,Iron & Steel,7305,Large-diameter welded pipes,229.948,1.440,10,1.458,97.5,3181.04
2026,Iron & Steel,7306 19 00,Welded line pipe non-SS,36.301,1.440,10,1.458,97.5,502.18
2026,Iron & Steel,7306 30 80,Welded tubes 168–406mm,31.213749999999997,1.440,10,1.491,97.5,346.28
2026,Iron & Steel,7307 21 00,SS flanges,152.698,2.800,10,1.154,97.5,25419.45
2026,Iron & Steel,7307 91 00,Flanges non-SS,162.20775,1.410,10,1.383,97.5,2798.19
2026,Iron & Steel,7308,Steel structures,5421.941,2.900,10,1.491,97.5,801664.46
2026,Iron & Steel,7309,Steel tanks >300L,1812.3339999999998,3.190,10,1.491,97.5,317195.86
2026,Iron & Steel,7310,Steel tanks ≤300L,6620.365500000002,1.440,10,1.491,97.5,73445.02
2026,Iron & Steel,7311 00,Steel containers compressed gas,3431.1755,3.730,10,1.364,97.5,810266.34
2026,Iron & Steel,7318 15,Threaded screws and bolts,7298.0297500000015,2.580,10,1.364,97.5,937249.25
2026,Iron & Steel,7318 16,Nuts,1934.6097499999998,3.030,10,1.364,97.5,330001.06
2026,Iron & Steel,7318 22 00,Washers,810.3247499999999,1.830,10,1.364,97.5,47137.09
2026,Iron & Steel,7318 23 00,Rivets,196.12474999999995,1.680,10,1.364,97.5,8652.97
2026,Iron & Steel,7326 90 98,Articles of iron/steel NES,17102.464999999997,1.440,10,1.491,97.5,189731.36
2026,Aluminum,7601,Unwrought aluminium,10562.752000000002,1.700,10,1.423,97.5,434071.46
2026,Aluminum,7603,Al powders and flakes,635.62675,2.032,10,1.506,97.5,41497.19
2026,Aluminum,7604 10 10,Al bars and rods,29.688000000000002,2.258,10,1.485,97.5,2619.46
2026,Aluminum,7604 10 90,Al profiles,57.97825,2.278,10,1.493,97.5,5185.71
2026,Aluminum,7604 21 00,Al hollow profiles,218.28675,2.278,10,1.493,97.5,19524.07
2026,Aluminum,7604 29 10,Al bars and rods (other),2164.6532499999994,2.258,10,1.485,97.5,190994.04
2026,Aluminum,7604 29 90,Al profiles (other),1259.35275,2.278,10,1.493,97.5,112639.43
2026,Aluminum,7605,Aluminum wire,3399.9722500000003,2.258,10,1.485,97.5,299990.06
2026,Aluminum,7606,"Al plates, sheets, strip >0.2mm",23225.381249999995,2.730,10,1.485,97.5,3075724.90
2026,Aluminum,7607,Aluminum foil ≤0.2mm,2179.44875,2.730,10,1.599,97.5,267994.37
2026,Aluminum,7608,Aluminum tubes and pipes,596.9262500000001,2.278,10,1.493,97.5,53390.47
2026,Aluminum,7609 00 00,Al tube/pipe fittings,264.3915,2.278,10,1.493,97.5,23647.79
2026,Aluminum,7610 10 00,"Al doors, windows, frames",243.5665,2.278,10,1.493,97.5,21785.15
2026,Aluminum,7611 00 00,Al reservoirs/tanks >300L,90.79575000000001,2.730,10,1.594,97.5,11202.33
2026,Aluminum,7612,"Al casks, drums, cans ≤300L",1493.321,2.730,10,1.594,97.5,184245.09
2026,Aluminum,7613 00 00,Al containers compressed gas,365.25925,2.730,10,1.594,97.5,45065.48
2026,Aluminum,7614,"Al stranded wire, cables",328.45675,2.258,10,1.485,97.5,28980.75
2026,Aluminum,7616 10 00,"Al nails, screws, nuts",330.82525000000004,2.730,10,1.485,97.5,43811.01
2026,Aluminum,7616 91 00,"Al cloth, grill, netting",117.23275000000001,2.730,10,1.485,97.5,15525.07
2026,Aluminum,7616 99 10,Al cast articles,420.3047499999999,2.032,10,1.506,97.5,27439.79
2026,Aluminum,7616 99 90,Other Al articles,3187.70475,2.730,10,1.485,97.5,422146.05
2026,Cement,2507 00 80,Calcined clay,11525.35875,0.310,10,0.666,97.5,0.00
2026,Cement,2523 10 00,White clinker,48.582750000000004,1.370,10,0.859,97.5,2769.72
2026,Cement,2523 10 00,Grey clinker,48.582750000000004,1.190,10,0.666,97.5,2729.07
2026,Cement,2523 21 00,White Portland cement,195.86875000000003,1.380,10,0.859,97.5,11350.02
2026,Cement,2523 29 00,Grey Portland cement,184.00725,1.210,10,0.666,97.5,10681.09
2026,Cement,2523 90 00,White hydraulic cements,568.8325,1.450,10,0.847,97.5,37258.80
2026,Cement,2523 90 00,Grey hydraulic cements,568.8325,1.160,10,0.666,97.5,30354.90
2026,Cement,2523 30 00,Aluminous cement,65.11725,1.940,10,0.717,97.5,7956.91
2026,Fertilizers,2808 00 00,Nitric acid,119.24974999999999,1.900,1,0.582,97.5,13724.89
2026,Fertilizers,2814 10 00,Anhydrous ammonia,193703.11200000002,3.410,1,1.522,97.5,32331293.61
2026,Fertilizers,2814 20 00,Ammonia in aqueous solution,1794.0124999999998,1.020,1,0.457,97.5,89283.99
2026,Fertilizers,2834 21 00,Nitrate of potassium,38.7455,1.910,1,0.626,97.5,4350.81
2026,Fertilizers,3102 10 12,"Urea aq. sol. >45%N, 31.8–33.2%",0.0055,0.760,1,0.304,97.5,0.22
2026,Fertilizers,3102 10 15,"Urea aq. sol. >45%N, 33.2–55%",0.0075,1.240,1,0.503,97.5,0.49
2026,Fertilizers,3102 10 19,Urea >45%N solid,1.387,2.290,1,0.902,97.5,169.32
2026,Fertilizers,3102 10 90,Urea ≤45%N,5284.0535,2.240,1,0.882,97.5,630884.77
2026,Fertilizers,3102 21 00,Ammonium sulphate,178.52325,1.030,1,0.414,97.5,9674.09
2026,Fertilizers,3102 29 00,Double salts: ammonium sulphate/nitrate,21.7695,1.530,1,0.566,97.5,1841.12
2026,Fertilizers,3102 30 10,Ammonium nitrate aqueous,6.985,1.470,1,0.508,97.5,588.69
2026,Fertilizers,3102 30 90,Ammonium nitrate solid,46674.957749999994,2.270,1,0.767,97.5,6141591.69
2026,Fertilizers,3102 40 10,AN+CaCO₃ ≤28%N,0.0075,1.980,1,0.688,97.5,0.85
2026,Fertilizers,3102 40 90,AN+CaCO₃ >28%N,0.024,1.980,1,0.688,97.5,2.72
2026,Fertilizers,3102 50 00,Sodium nitrate,27.25125000000001,2.970,1,0.693,97.5,5393.90
2026,Fertilizers,3102 60 00,Calcium nitrate/ammonium nitrate mix,4.4335,1.910,1,0.633,97.5,495.27
2026,Fertilizers,3102 80 00,UAN solution,652473.0460000001,1.740,1,0.625,97.5,63764933.21
2026,Fertilizers,3102 90 00,Other N-fertilizers,910.9499999999999,2.020,1,0.847,97.5,94187.91
2026,Fertilizers,3105 10 00,NPK packaged ≤10kg,698.42725,0.960,1,0.376,97.5,35887.72
2026,Fertilizers,3105 20 10,NPK >10%N,1674.0005,1.060,1,0.434,97.5,92352.65
2026,Fertilizers,3105 20 90,NPK ≤10%N,1615.7705000000003,0.740,1,0.319,97.5,59987.48
2026,Fertilizers,3105 30 00,DAP,2768.0637500000007,0.820,1,0.339,97.5,117264.53
2026,Fertilizers,3105 40 00,MAP,14691.4455,0.530,1,0.173,97.5,458300.59
2026,Fertilizers,3105 51 00,NP nitrates+phosphates,1.8867499999999997,1.420,1,0.548,97.5,144.55
2026,Fertilizers,3105 59 00,NP other,389.58725,1.010,1,0.391,97.5,21192.00
2026,Fertilizers,3105 90 20,NK >10%N,409.50050000000005,1.340,1,0.476,97.5,30997.50
2026,Fertilizers,3105 90 80,NK ≤10%N,901.2985000000001,0.710,1,0.248,97.5,36472.41
2026,Hydrogen,2804 10 00,Hydrogen,197.9055,26.640,10,5.089,97.5,410239.50
2027,Iron & Steel,2601 12 00,Agglomerated iron ores,1954006.2254999997,0.680,20,0.086,95.0,122185256.41
2027,Iron & Steel,7201,Pig iron,6.3957500000000005,1.210,20,1.210,95.0,164.75
2027,Iron & Steel,7202 11,Ferro-manganese >2%C,5.178000000000001,1.690,20,1.319,95.0,341.71
2027,Iron & Steel,7202 41,Ferro-chromium >4%C,4.307,2.350,20,1.124,95.0,642.65
2027,Iron & Steel,7202 60 00,Ferro-nickel,3.7712499999999993,3.480,20,2.343,95.0,626.29
2027,Iron & Steel,7203,DRI products,443494.4885,0.450,20,0.397,95.0,6150286.16
2027,Iron & Steel,7205,Granules/powders pig iron,8201.580750000001,2.425,20,1.288,95.0,1177816.11
2027,Iron & Steel,7206 10 00,Steel ingots,183.64,1.330,20,1.288,95.0,5823.66
2027,Iron & Steel,7208,HR flat-rolled ≥600mm,1303.7140000000002,1.400,20,1.370,95.0,42021.11
2027,Iron & Steel,7209,CR flat-rolled ≥600mm,198.03775000000002,1.440,20,1.458,95.0,5782.76
2027,Iron & Steel,7210,Flat-rolled ≥600mm coated,5473.173250000001,1.440,20,1.491,95.0,145206.58
2027,Iron & Steel,7211 13 00,Wide flats 150–600mm,0.6332499999999999,1.400,20,1.370,95.0,20.41
2027,Iron & Steel,7212,Flat-rolled <600mm coated,6335.3305,1.440,20,1.491,95.0,168080.13
2027,Iron & Steel,7213,Bars and rods HR in coils,155.46649999999997,1.390,20,1.364,95.0,4927.57
2027,Iron & Steel,7214 20 00,Rebars,5.127249999999999,1.390,20,1.364,95.0,162.51
2027,Iron & Steel,7215,"Bars and rods, cold-formed",503.99399999999997,1.390,20,1.364,95.0,15974.27
2027,Iron & Steel,7216,"Angles, shapes and sections",489.9894999999999,1.390,20,1.364,95.0,15530.39
2027,Iron & Steel,7217 10,"Wire, uncoated",1160.2169999999999,1.390,20,1.364,95.0,36773.50
2027,Iron & Steel,7217 20,"Wire, zinc-coated",417.394,1.390,20,1.397,95.0,12115.15
2027,Iron & Steel,7218 10 00,SS ingots,3178.08825,3.110,20,1.400,95.0,650067.25
2027,Iron & Steel,7219 11 00,SS flat-rolled ≥600mm HR,6.60825,3.220,20,1.170,95.0,1548.93
2027,Iron & Steel,7219 31 00,SS flat-rolled ≥600mm CR,41.71575,3.270,20,1.250,95.0,9721.09
2027,Iron & Steel,7221,SS bars/rods HR in coils,384.28675000000004,3.270,20,1.206,95.0,90918.84
2027,Iron & Steel,7223 00,SS wire in coils,851.36525,3.270,20,1.206,95.0,201425.47
2027,Iron & Steel,7224 10,Alloy steel ingots,370.6405,3.490,20,1.724,95.0,80490.84
2027,Iron & Steel,7225 11 00,Si-elec. steel GO ≥600mm,3233.8505,4.730,20,1.779,95.0,1097668.29
2027,Iron & Steel,7225 30,Alloy steel HR ≥600mm coils,234.37400000000002,3.590,20,1.493,95.0,57673.19
2027,Iron & Steel,7225 50,Alloy steel CR ≥600mm,97.15425,3.640,20,1.586,95.0,23672.52
2027,Iron & Steel,7301,Sheet piling,95.74725000000001,1.440,20,1.458,95.0,2795.85
2027,Iron & Steel,7302,Railway track material,159.76075,2.740,20,1.383,95.0,26857.75
2027,Iron & Steel,7303 00,Cast iron tubes/pipes,0,1.850,20,1.484,95.0,0.00
2027,Iron & Steel,7304 19,Seamless line pipe non-SS,3835.1745,1.974,20,1.383,95.0,344602.69
2027,Iron & Steel,7304 39,Seamless circular tubes HR,2256.72525,1.974,20,1.383,95.0,202773.98
2027,Iron & Steel,7305,Large-diameter welded pipes,229.948,1.440,20,1.458,95.0,6714.54
2027,Iron & Steel,7306 19 00,Welded line pipe non-SS,36.301,1.440,20,1.458,95.0,1060.00
2027,Iron & Steel,7306 30 80,Welded tubes 168–406mm,31.213749999999997,1.440,20,1.491,95.0,828.12
2027,Iron & Steel,7307 21 00,SS flanges,152.698,2.800,20,1.154,95.0,29435.51
2027,Iron & Steel,7307 91 00,Flanges non-SS,162.20775,1.410,20,1.383,95.0,5223.42
2027,Iron & Steel,7308,Steel structures,5421.941,2.900,20,1.491,95.0,952772.29
2027,Iron & Steel,7309,Steel tanks >300L,1812.3339999999998,3.190,20,1.491,95.0,372180.69
2027,Iron & Steel,7310,Steel tanks ≤300L,6620.365500000002,1.440,20,1.491,95.0,175642.28
2027,Iron & Steel,7311 00,Steel containers compressed gas,3431.1755,3.730,20,1.364,95.0,929216.04
2027,Iron & Steel,7318 15,Threaded screws and bolts,7298.0297500000015,2.580,20,1.364,95.0,1118782.64
2027,Iron & Steel,7318 16,Nuts,1934.6097499999998,3.030,20,1.364,95.0,385536.66
2027,Iron & Steel,7318 22 00,Washers,810.3247499999999,1.830,20,1.364,95.0,62118.00
2027,Iron & Steel,7318 23 00,Rivets,196.12474999999995,1.680,20,1.364,95.0,12028.32
2027,Iron & Steel,7326 90 98,Articles of iron/steel NES,17102.464999999997,1.440,20,1.491,95.0,453738.68
2027,Aluminum,7601,Unwrought aluminium,10562.752000000002,1.700,20,1.423,95.0,618984.15
2027,Aluminum,7603,Al powders and flakes,635.62675,2.032,20,1.506,95.0,54577.20
2027,Aluminum,7604 10 10,Al bars and rods,29.688000000000002,2.258,20,1.485,95.0,3282.15
2027,Aluminum,7604 10 90,Al profiles,57.97825,2.278,20,1.493,95.0,6495.68
2027,Aluminum,7604 21 00,Al hollow profiles,218.28675,2.278,20,1.493,95.0,24456.09
2027,Aluminum,7604 29 10,Al bars and rods (other),2164.6532499999994,2.258,20,1.485,95.0,239312.84
2027,Aluminum,7604 29 90,Al profiles (other),1259.35275,2.278,20,1.493,95.0,141093.53
2027,Aluminum,7605,Aluminum wire,3399.9722500000003,2.258,20,1.485,95.0,375883.31
2027,Aluminum,7606,"Al plates, sheets, strip >0.2mm",23225.381249999995,2.730,20,1.485,95.0,3689089.86
2027,Aluminum,7607,Aluminum foil ≤0.2mm,2179.44875,2.730,20,1.599,95.0,326080.93
2027,Aluminum,7608,Aluminum tubes and pipes,596.9262500000001,2.278,20,1.493,95.0,66877.55
2027,Aluminum,7609 00 00,Al tube/pipe fittings,264.3915,2.278,20,1.493,95.0,29621.51
2027,Aluminum,7610 10 00,"Al doors, windows, frames",243.5665,2.278,20,1.493,95.0,27288.35
2027,Aluminum,7611 00 00,Al reservoirs/tanks >300L,90.79575000000001,2.730,20,1.594,95.0,13621.25
2027,Aluminum,7612,"Al casks, drums, cans ≤300L",1493.321,2.730,20,1.594,95.0,224029.11
2027,Aluminum,7613 00 00,Al containers compressed gas,365.25925,2.730,20,1.594,95.0,54796.46
2027,Aluminum,7614,"Al stranded wire, cables",328.45675,2.258,20,1.485,95.0,36312.48
2027,Aluminum,7616 10 00,"Al nails, screws, nuts",330.82525000000004,2.730,20,1.485,95.0,52547.86
2027,Aluminum,7616 91 00,"Al cloth, grill, netting",117.23275000000001,2.730,20,1.485,95.0,18621.10
2027,Aluminum,7616 99 10,Al cast articles,420.3047499999999,2.032,20,1.506,95.0,36088.88
2027,Aluminum,7616 99 90,Other Al articles,3187.70475,2.730,20,1.485,95.0,506330.95
2027,Cement,2507 00 80,Calcined clay,11525.35875,0.310,20,0.666,95.0,0.00
2027,Cement,2523 10 00,White clinker,48.582750000000004,1.370,20,0.859,95.0,3425.35
2027,Cement,2523 10 00,Grey clinker,48.582750000000004,1.190,20,0.666,95.0,3290.28
2027,Cement,2523 21 00,White Portland cement,195.86875000000003,1.380,20,0.859,95.0,14009.99
2027,Cement,2523 29 00,Grey Portland cement,184.00725,1.210,20,0.666,95.0,12838.00
2027,Cement,2523 90 00,White hydraulic cements,568.8325,1.450,20,0.847,95.0,45308.31
2027,Cement,2523 90 00,Grey hydraulic cements,568.8325,1.160,20,0.666,95.0,36780.46
2027,Cement,2523 30 00,Aluminous cement,65.11725,1.940,20,0.717,95.0,9132.07
2027,Fertilizers,2808 00 00,Nitric acid,119.24974999999999,1.900,1,0.582,95.0,13872.65
2027,Fertilizers,2814 10 00,Anhydrous ammonia,193703.11200000002,3.410,1,1.522,95.0,32958933.58
2027,Fertilizers,2814 20 00,Ammonia in aqueous solution,1794.0124999999998,1.020,1,0.457,95.0,91029.41
2027,Fertilizers,2834 21 00,Nitrate of potassium,38.7455,1.910,1,0.626,95.0,4402.45
2027,Fertilizers,3102 10 12,"Urea aq. sol. >45%N, 31.8–33.2%",0.0055,0.760,1,0.304,95.0,0.22
2027,Fertilizers,3102 10 15,"Urea aq. sol. >45%N, 33.2–55%",0.0075,1.240,1,0.503,95.0,0.49
2027,Fertilizers,3102 10 19,Urea >45%N solid,1.387,2.290,1,0.902,95.0,171.98
2027,Fertilizers,3102 10 90,Urea ≤45%N,5284.0535,2.240,1,0.882,95.0,640806.67
2027,Fertilizers,3102 21 00,Ammonium sulphate,178.52325,1.030,1,0.414,95.0,9831.44
2027,Fertilizers,3102 29 00,Double salts: ammonium sulphate/nitrate,21.7695,1.530,1,0.566,95.0,1867.35
2027,Fertilizers,3102 30 10,Ammonium nitrate aqueous,6.985,1.470,1,0.508,95.0,596.25
2027,Fertilizers,3102 30 90,Ammonium nitrate solid,46674.957749999994,2.270,1,0.767,95.0,6217806.37
2027,Fertilizers,3102 40 10,AN+CaCO₃ ≤28%N,0.0075,1.980,1,0.688,95.0,0.86
2027,Fertilizers,3102 40 90,AN+CaCO₃ >28%N,0.024,1.980,1,0.688,95.0,2.75
2027,Fertilizers,3102 50 00,Sodium nitrate,27.25125000000001,2.970,1,0.693,95.0,5434.10
2027,Fertilizers,3102 60 00,Calcium nitrate/ammonium nitrate mix,4.4335,1.910,1,0.633,95.0,501.24
2027,Fertilizers,3102 80 00,UAN solution,652473.0460000001,1.740,1,0.625,95.0,64633097.53
2027,Fertilizers,3102 90 00,Other N-fertilizers,910.9499999999999,2.020,1,0.847,95.0,95830.53
2027,Fertilizers,3105 10 00,NPK packaged ≤10kg,698.42725,0.960,1,0.376,95.0,36446.79
2027,Fertilizers,3105 20 10,NPK >10%N,1674.0005,1.060,1,0.434,95.0,93899.35
2027,Fertilizers,3105 20 90,NPK ≤10%N,1615.7705000000003,0.740,1,0.319,95.0,61084.79
2027,Fertilizers,3105 30 00,DAP,2768.0637500000007,0.820,1,0.339,95.0,119262.26
2027,Fertilizers,3105 40 00,MAP,14691.4455,0.530,1,0.173,95.0,463711.50
2027,Fertilizers,3105 51 00,NP nitrates+phosphates,1.8867499999999997,1.420,1,0.548,95.0,146.76
2027,Fertilizers,3105 59 00,NP other,389.58725,1.010,1,0.391,95.0,21516.30
2027,Fertilizers,3105 90 20,NK >10%N,409.50050000000005,1.340,1,0.476,95.0,31412.47
2027,Fertilizers,3105 90 80,NK ≤10%N,901.2985000000001,0.710,1,0.248,95.0,36948.27
2027,Hydrogen,2804 10 00,Hydrogen,197.9055,26.640,20,5.089,95.0,457280.01
2028,Iron & Steel,2601 12 00,Agglomerated iron ores,1954006.2254999997,0.680,30,0.086,90.0,134215753.53
2028,Iron & Steel,7201,Pig iron,6.3957500000000005,1.210,30,1.210,90.0,263.61
2028,Iron & Steel,7202 11,Ferro-manganese >2%C,5.178000000000001,1.690,30,1.319,90.0,445.31
2028,Iron & Steel,7202 41,Ferro-chromium >4%C,4.307,2.350,30,1.124,90.0,749.46
2028,Iron & Steel,7202 60 00,Ferro-nickel,3.7712499999999993,3.480,30,2.343,90.0,775.67
2028,Iron & Steel,7203,DRI products,443494.4885,0.450,30,0.397,90.0,8599448.32
2028,Iron & Steel,7205,Granules/powders pig iron,8201.580750000001,2.425,30,1.288,90.0,1391812.12
2028,Iron & Steel,7206 10 00,Steel ingots,183.64,1.330,30,1.288,90.0,8910.64
2028,Iron & Steel,7208,HR flat-rolled ≥600mm,1303.7140000000002,1.400,30,1.370,90.0,65168.81
2028,Iron & Steel,7209,CR flat-rolled ≥600mm,198.03775000000002,1.440,30,1.458,90.0,9440.61
2028,Iron & Steel,7210,Flat-rolled ≥600mm coated,5473.173250000001,1.440,30,1.491,90.0,247067.91
2028,Iron & Steel,7211 13 00,Wide flats 150–600mm,0.6332499999999999,1.400,30,1.370,90.0,31.65
2028,Iron & Steel,7212,Flat-rolled <600mm coated,6335.3305,1.440,30,1.491,90.0,285987.08
2028,Iron & Steel,7213,Bars and rods HR in coils,155.46649999999997,1.390,30,1.364,90.0,7670.69
2028,Iron & Steel,7214 20 00,Rebars,5.127249999999999,1.390,30,1.364,90.0,252.98
2028,Iron & Steel,7215,"Bars and rods, cold-formed",503.99399999999997,1.390,30,1.364,90.0,24866.99
2028,Iron & Steel,7216,"Angles, shapes and sections",489.9894999999999,1.390,30,1.364,90.0,24176.01
2028,Iron & Steel,7217 10,"Wire, uncoated",1160.2169999999999,1.390,30,1.364,90.0,57244.93
2028,Iron & Steel,7217 20,"Wire, zinc-coated",417.394,1.390,30,1.397,90.0,19538.50
2028,Iron & Steel,7218 10 00,SS ingots,3178.08825,3.110,30,1.400,90.0,753179.50
2028,Iron & Steel,7219 11 00,SS flat-rolled ≥600mm HR,6.60825,3.220,30,1.170,90.0,1763.06
2028,Iron & Steel,7219 31 00,SS flat-rolled ≥600mm CR,41.71575,3.270,30,1.250,90.0,11104.74
2028,Iron & Steel,7221,SS bars/rods HR in coils,384.28675000000004,3.270,30,1.206,90.0,103593.09
2028,Iron & Steel,7223 00,SS wire in coils,851.36525,3.270,30,1.206,90.0,229504.54
2028,Iron & Steel,7224 10,Alloy steel ingots,370.6405,3.490,30,1.724,90.0,94226.86
2028,Iron & Steel,7225 11 00,Si-elec. steel GO ≥600mm,3233.8505,4.730,30,1.779,90.0,1252420.53
2028,Iron & Steel,7225 30,Alloy steel HR ≥600mm coils,234.37400000000002,3.590,30,1.493,90.0,66328.22
2028,Iron & Steel,7225 50,Alloy steel CR ≥600mm,97.15425,3.640,30,1.586,90.0,27340.10
2028,Iron & Steel,7301,Sheet piling,95.74725000000001,1.440,30,1.458,90.0,4564.35
2028,Iron & Steel,7302,Railway track material,159.76075,2.740,30,1.383,90.0,31526.20
2028,Iron & Steel,7303 00,Cast iron tubes/pipes,0,1.850,30,1.484,90.0,0.00
2028,Iron & Steel,7304 19,Seamless line pipe non-SS,3835.1745,1.974,30,1.383,90.0,431524.94
2028,Iron & Steel,7304 39,Seamless circular tubes HR,2256.72525,1.974,30,1.383,90.0,253921.49
2028,Iron & Steel,7305,Large-diameter welded pipes,229.948,1.440,30,1.458,90.0,10961.80
2028,Iron & Steel,7306 19 00,Welded line pipe non-SS,36.301,1.440,30,1.458,90.0,1730.50
2028,Iron & Steel,7306 30 80,Welded tubes 168–406mm,31.213749999999997,1.440,30,1.491,90.0,1409.04
2028,Iron & Steel,7307 21 00,SS flanges,152.698,2.800,30,1.154,90.0,33826.71
2028,Iron & Steel,7307 91 00,Flanges non-SS,162.20775,1.410,30,1.383,90.0,8126.24
2028,Iron & Steel,7308,Steel structures,5421.941,2.900,30,1.491,90.0,1121090.54
2028,Iron & Steel,7309,Steel tanks >300L,1812.3339999999998,3.190,30,1.491,90.0,432918.28
2028,Iron & Steel,7310,Steel tanks ≤300L,6620.365500000002,1.440,30,1.491,90.0,298854.02
2028,Iron & Steel,7311 00,Steel containers compressed gas,3431.1755,3.730,30,1.364,90.0,1058129.35
2028,Iron & Steel,7318 15,Threaded screws and bolts,7298.0297500000015,2.580,30,1.364,90.0,1321508.39
2028,Iron & Steel,7318 16,Nuts,1934.6097499999998,3.030,30,1.364,90.0,446690.07
2028,Iron & Steel,7318 22 00,Washers,810.3247499999999,1.830,30,1.364,90.0,79451.97
2028,Iron & Steel,7318 23 00,Rivets,196.12474999999995,1.680,30,1.364,90.0,15973.18
2028,Iron & Steel,7326 90 98,Articles of iron/steel NES,17102.464999999997,1.440,30,1.491,90.0,772032.97
2028,Aluminum,7601,Unwrought aluminium,10562.752000000002,1.700,30,1.423,90.0,835896.21
2028,Aluminum,7603,Al powders and flakes,635.62675,2.032,30,1.506,90.0,69641.01
2028,Aluminum,7604 10 10,Al bars and rods,29.688000000000002,2.258,30,1.485,90.0,4041.22
2028,Aluminum,7604 10 90,Al profiles,57.97825,2.278,30,1.493,90.0,7989.94
2028,Aluminum,7604 21 00,Al hollow profiles,218.28675,2.278,30,1.493,90.0,30081.93
2028,Aluminum,7604 29 10,Al bars and rods (other),2164.6532499999994,2.258,30,1.485,90.0,294659.41
2028,Aluminum,7604 29 90,Al profiles (other),1259.35275,2.278,30,1.493,90.0,173550.46
2028,Aluminum,7605,Aluminum wire,3399.9722500000003,2.258,30,1.485,90.0,462814.91
2028,Aluminum,7606,"Al plates, sheets, strip >0.2mm",23225.381249999995,2.730,30,1.485,90.0,4375880.61
2028,Aluminum,7607,Aluminum foil ≤0.2mm,2179.44875,2.730,30,1.599,90.0,391586.64
2028,Aluminum,7608,Aluminum tubes and pipes,596.9262500000001,2.278,30,1.493,90.0,82261.96
2028,Aluminum,7609 00 00,Al tube/pipe fittings,264.3915,2.278,30,1.493,90.0,36435.59
2028,Aluminum,7610 10 00,"Al doors, windows, frames",243.5665,2.278,30,1.493,90.0,33565.72
2028,Aluminum,7611 00 00,Al reservoirs/tanks >300L,90.79575000000001,2.730,30,1.594,90.0,16348.28
2028,Aluminum,7612,"Al casks, drums, cans ≤300L",1493.321,2.730,30,1.594,90.0,268880.72
2028,Aluminum,7613 00 00,Al containers compressed gas,365.25925,2.730,30,1.594,90.0,65766.95
2028,Aluminum,7614,"Al stranded wire, cables",328.45675,2.258,30,1.485,90.0,44710.57
2028,Aluminum,7616 10 00,"Al nails, screws, nuts",330.82525000000004,2.730,30,1.485,90.0,62330.59
2028,Aluminum,7616 91 00,"Al cloth, grill, netting",117.23275000000001,2.730,30,1.485,90.0,22087.75
2028,Aluminum,7616 99 10,Al cast articles,420.3047499999999,2.032,30,1.506,90.0,46049.74
2028,Aluminum,7616 99 90,Other Al articles,3187.70475,2.730,30,1.485,90.0,600593.60
2028,Cement,2507 00 80,Calcined clay,11525.35875,0.310,30,0.666,90.0,0.00
2028,Cement,2523 10 00,White clinker,48.582750000000004,1.370,30,0.859,90.0,4169.84
2028,Cement,2523 10 00,Grey clinker,48.582750000000004,1.190,30,0.666,90.0,3920.36
2028,Cement,2523 21 00,White Portland cement,195.86875000000003,1.380,30,0.859,90.0,17028.16
2028,Cement,2523 29 00,Grey Portland cement,184.00725,1.210,30,0.666,90.0,15255.79
2028,Cement,2523 90 00,White hydraulic cements,568.8325,1.450,30,0.847,90.0,54383.54
2028,Cement,2523 90 00,Grey hydraulic cements,568.8325,1.160,30,0.666,90.0,44012.54
2028,Cement,2523 30 00,Aluminous cement,65.11725,1.940,30,0.717,90.0,10406.63
2028,Fertilizers,2808 00 00,Nitric acid,119.24974999999999,1.900,1,0.582,90.0,14168.15
2028,Fertilizers,2814 10 00,Anhydrous ammonia,193703.11200000002,3.410,1,1.522,90.0,34214213.51
2028,Fertilizers,2814 20 00,Ammonia in aqueous solution,1794.0124999999998,1.020,1,0.457,90.0,94520.26
2028,Fertilizers,2834 21 00,Nitrate of potassium,38.7455,1.910,1,0.626,90.0,4505.72
2028,Fertilizers,3102 10 12,"Urea aq. sol. >45%N, 31.8–33.2%",0.0055,0.760,1,0.304,90.0,0.23
2028,Fertilizers,3102 10 15,"Urea aq. sol. >45%N, 33.2–55%",0.0075,1.240,1,0.503,90.0,0.51
2028,Fertilizers,3102 10 19,Urea >45%N solid,1.387,2.290,1,0.902,90.0,177.31
2028,Fertilizers,3102 10 90,Urea ≤45%N,5284.0535,2.240,1,0.882,90.0,660650.49
2028,Fertilizers,3102 21 00,Ammonium sulphate,178.52325,1.030,1,0.414,90.0,10146.13
2028,Fertilizers,3102 29 00,Double salts: ammonium sulphate/nitrate,21.7695,1.530,1,0.566,90.0,1919.82
2028,Fertilizers,3102 30 10,Ammonium nitrate aqueous,6.985,1.470,1,0.508,90.0,611.36
2028,Fertilizers,3102 30 90,Ammonium nitrate solid,46674.957749999994,2.270,1,0.767,90.0,6370235.73
2028,Fertilizers,3102 40 10,AN+CaCO₃ ≤28%N,0.0075,1.980,1,0.688,90.0,0.88
2028,Fertilizers,3102 40 90,AN+CaCO₃ >28%N,0.024,1.980,1,0.688,90.0,2.82
2028,Fertilizers,3102 50 00,Sodium nitrate,27.25125000000001,2.970,1,0.693,90.0,5514.51
2028,Fertilizers,3102 60 00,Calcium nitrate/ammonium nitrate mix,4.4335,1.910,1,0.633,90.0,513.19
2028,Fertilizers,3102 80 00,UAN solution,652473.0460000001,1.740,1,0.625,90.0,66369426.18
2028,Fertilizers,3102 90 00,Other N-fertilizers,910.9499999999999,2.020,1,0.847,90.0,99115.77
2028,Fertilizers,3105 10 00,NPK packaged ≤10kg,698.42725,0.960,1,0.376,90.0,37564.93
2028,Fertilizers,3105 20 10,NPK >10%N,1674.0005,1.060,1,0.434,90.0,96992.74
2028,Fertilizers,3105 20 90,NPK ≤10%N,1615.7705000000003,0.740,1,0.319,90.0,63279.41
2028,Fertilizers,3105 30 00,DAP,2768.0637500000007,0.820,1,0.339,90.0,123257.70
2028,Fertilizers,3105 40 00,MAP,14691.4455,0.530,1,0.173,90.0,474533.31
2028,Fertilizers,3105 51 00,NP nitrates+phosphates,1.8867499999999997,1.420,1,0.548,90.0,151.16
2028,Fertilizers,3105 59 00,NP other,389.58725,1.010,1,0.391,90.0,22164.89
2028,Fertilizers,3105 90 20,NK >10%N,409.50050000000005,1.340,1,0.476,90.0,32242.42
2028,Fertilizers,3105 90 80,NK ≤10%N,901.2985000000001,0.710,1,0.248,90.0,37899.99
2028,Hydrogen,2804 10 00,Hydrogen,197.9055,26.640,30,5.089,90.0,506464.64
2029,Iron & Steel,2601 12 00,Agglomerated iron ores,1954006.2254999997,0.680,30,0.086,77.5,136004520.39
2029,Iron & Steel,7201,Pig iron,6.3957500000000005,1.210,30,1.210,77.5,345.98
2029,Iron & Steel,7202 11,Ferro-manganese >2%C,5.178000000000001,1.690,30,1.319,77.5,518.01
2029,Iron & Steel,7202 41,Ferro-chromium >4%C,4.307,2.350,30,1.124,77.5,800.99
2029,Iron & Steel,7202 60 00,Ferro-nickel,3.7712499999999993,3.480,30,2.343,77.5,869.72
2029,Iron & Steel,7203,DRI products,443494.4885,0.450,30,0.397,77.5,10473614.43
2029,Iron & Steel,7205,Granules/powders pig iron,8201.580750000001,2.425,30,1.288,77.5,1504257.80
2029,Iron & Steel,7206 10 00,Steel ingots,183.64,1.330,30,1.288,77.5,11428.39
2029,Iron & Steel,7208,HR flat-rolled ≥600mm,1303.7140000000002,1.400,30,1.370,77.5,84181.00
2029,Iron & Steel,7209,CR flat-rolled ≥600mm,198.03775000000002,1.440,30,1.458,77.5,12514.12
2029,Iron & Steel,7210,Flat-rolled ≥600mm coated,5473.173250000001,1.440,30,1.491,77.5,333933.18
2029,Iron & Steel,7211 13 00,Wide flats 150–600mm,0.6332499999999999,1.400,30,1.370,77.5,40.89
2029,Iron & Steel,7212,Flat-rolled <600mm coated,6335.3305,1.440,30,1.491,77.5,386535.74
2029,Iron & Steel,7213,Bars and rods HR in coils,155.46649999999997,1.390,30,1.364,77.5,9927.95
2029,Iron & Steel,7214 20 00,Rebars,5.127249999999999,1.390,30,1.364,77.5,327.42
2029,Iron & Steel,7215,"Bars and rods, cold-formed",503.99399999999997,1.390,30,1.364,77.5,32184.60
2029,Iron & Steel,7216,"Angles, shapes and sections",489.9894999999999,1.390,30,1.364,77.5,31290.28
2029,Iron & Steel,7217 10,"Wire, uncoated",1160.2169999999999,1.390,30,1.364,77.5,74090.40
2029,Iron & Steel,7217 20,"Wire, zinc-coated",417.394,1.390,30,1.397,77.5,25745.36
2029,Iron & Steel,7218 10 00,SS ingots,3178.08825,3.110,30,1.400,77.5,800540.77
2029,Iron & Steel,7219 11 00,SS flat-rolled ≥600mm HR,6.60825,3.220,30,1.170,77.5,1845.36
2029,Iron & Steel,7219 31 00,SS flat-rolled ≥600mm CR,41.71575,3.270,30,1.250,77.5,11659.80
2029,Iron & Steel,7221,SS bars/rods HR in coils,384.28675000000004,3.270,30,1.206,77.5,108526.33
2029,Iron & Steel,7223 00,SS wire in coils,851.36525,3.270,30,1.206,77.5,240433.85
2029,Iron & Steel,7224 10,Alloy steel ingots,370.6405,3.490,30,1.724,77.5,101028.59
2029,Iron & Steel,7225 11 00,Si-elec. steel GO ≥600mm,3233.8505,4.730,30,1.779,77.5,1313659.13
2029,Iron & Steel,7225 30,Alloy steel HR ≥600mm coils,234.37400000000002,3.590,30,1.493,77.5,70052.98
2029,Iron & Steel,7225 50,Alloy steel CR ≥600mm,97.15425,3.640,30,1.586,77.5,28980.29
2029,Iron & Steel,7301,Sheet piling,95.74725000000001,1.440,30,1.458,77.5,6050.33
2029,Iron & Steel,7302,Railway track material,159.76075,2.740,30,1.383,77.5,33878.12
2029,Iron & Steel,7303 00,Cast iron tubes/pipes,0,1.850,30,1.484,77.5,0.00
2029,Iron & Steel,7304 19,Seamless line pipe non-SS,3835.1745,1.974,30,1.383,77.5,487984.39
2029,Iron & Steel,7304 39,Seamless circular tubes HR,2256.72525,1.974,30,1.383,77.5,287143.83
2029,Iron & Steel,7305,Large-diameter welded pipes,229.948,1.440,30,1.458,77.5,14530.55
2029,Iron & Steel,7306 19 00,Welded line pipe non-SS,36.301,1.440,30,1.458,77.5,2293.88
2029,Iron & Steel,7306 30 80,Welded tubes 168–406mm,31.213749999999997,1.440,30,1.491,77.5,1904.44
2029,Iron & Steel,7307 21 00,SS flanges,152.698,2.800,30,1.154,77.5,35702.44
2029,Iron & Steel,7307 91 00,Flanges non-SS,162.20775,1.410,30,1.383,77.5,10514.18
2029,Iron & Steel,7308,Steel structures,5421.941,2.900,30,1.491,77.5,1207142.70
2029,Iron & Steel,7309,Steel tanks >300L,1812.3339999999998,3.190,30,1.491,77.5,461682.01
2029,Iron & Steel,7310,Steel tanks ≤300L,6620.365500000002,1.440,30,1.491,77.5,403926.50
2029,Iron & Steel,7311 00,Steel containers compressed gas,3431.1755,3.730,30,1.364,77.5,1107947.40
2029,Iron & Steel,7318 15,Threaded screws and bolts,7298.0297500000015,2.580,30,1.364,77.5,1427470.20
2029,Iron & Steel,7318 16,Nuts,1934.6097499999998,3.030,30,1.364,77.5,474779.12
2029,Iron & Steel,7318 22 00,Washers,810.3247499999999,1.830,30,1.364,77.5,91217.26
2029,Iron & Steel,7318 23 00,Rivets,196.12474999999995,1.680,30,1.364,77.5,18820.76
2029,Iron & Steel,7326 90 98,Articles of iron/steel NES,17102.464999999997,1.440,30,1.491,77.5,1043467.88
2029,Aluminum,7601,Unwrought aluminium,10562.752000000002,1.700,30,1.423,77.5,995893.02
2029,Aluminum,7603,Al powders and flakes,635.62675,2.032,30,1.506,77.5,79830.59
2029,Aluminum,7604 10 10,Al bars and rods,29.688000000000002,2.258,30,1.485,77.5,4510.51
2029,Aluminum,7604 10 90,Al profiles,57.97825,2.278,30,1.493,77.5,8911.35
2029,Aluminum,7604 21 00,Al hollow profiles,218.28675,2.278,30,1.493,77.5,33551.03
2029,Aluminum,7604 29 10,Al bars and rods (other),2164.6532499999994,2.258,30,1.485,77.5,328876.58
2029,Aluminum,7604 29 90,Al profiles (other),1259.35275,2.278,30,1.493,77.5,193564.58
2029,Aluminum,7605,Aluminum wire,3399.9722500000003,2.258,30,1.485,77.5,516559.06
2029,Aluminum,7606,"Al plates, sheets, strip >0.2mm",23225.381249999995,2.730,30,1.485,77.5,4743009.58
2029,Aluminum,7607,Aluminum foil ≤0.2mm,2179.44875,2.730,30,1.599,77.5,428682.42
2029,Aluminum,7608,Aluminum tubes and pipes,596.9262500000001,2.278,30,1.493,77.5,91748.54
2029,Aluminum,7609 00 00,Al tube/pipe fittings,264.3915,2.278,30,1.493,77.5,40637.41
2029,Aluminum,7610 10 00,"Al doors, windows, frames",243.5665,2.278,30,1.493,77.5,37436.57
2029,Aluminum,7611 00 00,Al reservoirs/tanks >300L,90.79575000000001,2.730,30,1.594,77.5,17888.85
2029,Aluminum,7612,"Al casks, drums, cans ≤300L",1493.321,2.730,30,1.594,77.5,294218.63
2029,Aluminum,7613 00 00,Al containers compressed gas,365.25925,2.730,30,1.594,77.5,71964.48
2029,Aluminum,7614,"Al stranded wire, cables",328.45675,2.258,30,1.485,77.5,49902.56
2029,Aluminum,7616 10 00,"Al nails, screws, nuts",330.82525000000004,2.730,30,1.485,77.5,67560.02
2029,Aluminum,7616 91 00,"Al cloth, grill, netting",117.23275000000001,2.730,30,1.485,77.5,23940.88
2029,Aluminum,7616 99 10,Al cast articles,420.3047499999999,2.032,30,1.506,77.5,52787.55
2029,Aluminum,7616 99 90,Other Al articles,3187.70475,2.730,30,1.485,77.5,650982.39
2029,Cement,2507 00 80,Calcined clay,11525.35875,0.310,30,0.666,77.5,0.00
2029,Cement,2523 10 00,White clinker,48.582750000000004,1.370,30,0.859,77.5,4614.06
2029,Cement,2523 10 00,Grey clinker,48.582750000000004,1.190,30,0.666,77.5,4264.78
2029,Cement,2523 21 00,White Portland cement,195.86875000000003,1.380,30,0.859,77.5,18819.13
2029,Cement,2523 29 00,Grey Portland cement,184.00725,1.210,30,0.666,77.5,16560.28
2029,Cement,2523 90 00,White hydraulic cements,568.8325,1.450,30,0.847,77.5,59512.12
2029,Cement,2523 90 00,Grey hydraulic cements,568.8325,1.160,30,0.666,77.5,48045.17
2029,Cement,2523 30 00,Aluminous cement,65.11725,1.940,30,0.717,77.5,10903.62
2029,Fertilizers,2808 00 00,Nitric acid,119.24974999999999,1.900,1,0.582,77.5,14906.93
2029,Fertilizers,2814 10 00,Anhydrous ammonia,193703.11200000002,3.410,1,1.522,77.5,37352413.36
2029,Fertilizers,2814 20 00,Ammonia in aqueous solution,1794.0124999999998,1.020,1,0.457,77.5,103247.38
2029,Fertilizers,2834 21 00,Nitrate of potassium,38.7455,1.910,1,0.626,77.5,4763.90
2029,Fertilizers,3102 10 12,"Urea aq. sol. >45%N, 31.8–33.2%",0.0055,0.760,1,0.304,77.5,0.25
2029,Fertilizers,3102 10 15,"Urea aq. sol. >45%N, 33.2–55%",0.0075,1.240,1,0.503,77.5,0.55
2029,Fertilizers,3102 10 19,Urea >45%N solid,1.387,2.290,1,0.902,77.5,190.63
2029,Fertilizers,3102 10 90,Urea ≤45%N,5284.0535,2.240,1,0.882,77.5,710260.02
2029,Fertilizers,3102 21 00,Ammonium sulphate,178.52325,1.030,1,0.414,77.5,10932.86
2029,Fertilizers,3102 29 00,Double salts: ammonium sulphate/nitrate,21.7695,1.530,1,0.566,77.5,2050.97
2029,Fertilizers,3102 30 10,Ammonium nitrate aqueous,6.985,1.470,1,0.508,77.5,649.13
2029,Fertilizers,3102 30 90,Ammonium nitrate solid,46674.957749999994,2.270,1,0.767,77.5,6751309.14
2029,Fertilizers,3102 40 10,AN+CaCO₃ ≤28%N,0.0075,1.980,1,0.688,77.5,0.94
2029,Fertilizers,3102 40 90,AN+CaCO₃ >28%N,0.024,1.980,1,0.688,77.5,3.00
2029,Fertilizers,3102 50 00,Sodium nitrate,27.25125000000001,2.970,1,0.693,77.5,5715.54
2029,Fertilizers,3102 60 00,Calcium nitrate/ammonium nitrate mix,4.4335,1.910,1,0.633,77.5,543.07
2029,Fertilizers,3102 80 00,UAN solution,652473.0460000001,1.740,1,0.625,77.5,70710247.79
2029,Fertilizers,3102 90 00,Other N-fertilizers,910.9499999999999,2.020,1,0.847,77.5,107328.88
2029,Fertilizers,3105 10 00,NPK packaged ≤10kg,698.42725,0.960,1,0.376,77.5,40360.30
2029,Fertilizers,3105 20 10,NPK >10%N,1674.0005,1.060,1,0.434,77.5,104726.21
2029,Fertilizers,3105 20 90,NPK ≤10%N,1615.7705000000003,0.740,1,0.319,77.5,68765.96
2029,Fertilizers,3105 30 00,DAP,2768.0637500000007,0.820,1,0.339,77.5,133246.31
2029,Fertilizers,3105 40 00,MAP,14691.4455,0.530,1,0.173,77.5,501587.84
2029,Fertilizers,3105 51 00,NP nitrates+phosphates,1.8867499999999997,1.420,1,0.548,77.5,162.16
2029,Fertilizers,3105 59 00,NP other,389.58725,1.010,1,0.391,77.5,23786.37
2029,Fertilizers,3105 90 20,NK >10%N,409.50050000000005,1.340,1,0.476,77.5,34317.29
2029,Fertilizers,3105 90 80,NK ≤10%N,901.2985000000001,0.710,1,0.248,77.5,40279.29
2029,Hydrogen,2804 10 00,Hydrogen,197.9055,26.640,30,5.089,77.5,517185.26
2030,Iron & Steel,2601 12 00,Agglomerated iron ores,1954006.2254999997,0.680,30,0.086,51.5,139725155.46
2030,Iron & Steel,7201,Pig iron,6.3957500000000005,1.210,30,1.210,51.5,517.33
2030,Iron & Steel,7202 11,Ferro-manganese >2%C,5.178000000000001,1.690,30,1.319,51.5,669.22
2030,Iron & Steel,7202 41,Ferro-chromium >4%C,4.307,2.350,30,1.124,51.5,908.17
2030,Iron & Steel,7202 60 00,Ferro-nickel,3.7712499999999993,3.480,30,2.343,51.5,1065.36
2030,Iron & Steel,7203,DRI products,443494.4885,0.450,30,0.397,51.5,14371879.94
2030,Iron & Steel,7205,Granules/powders pig iron,8201.580750000001,2.425,30,1.288,51.5,1738144.81
2030,Iron & Steel,7206 10 00,Steel ingots,183.64,1.330,30,1.288,51.5,16665.31
2030,Iron & Steel,7208,HR flat-rolled ≥600mm,1303.7140000000002,1.400,30,1.370,51.5,123726.36
2030,Iron & Steel,7209,CR flat-rolled ≥600mm,198.03775000000002,1.440,30,1.458,51.5,18907.03
2030,Iron & Steel,7210,Flat-rolled ≥600mm coated,5473.173250000001,1.440,30,1.491,51.5,514612.94
2030,Iron & Steel,7211 13 00,Wide flats 150–600mm,0.6332499999999999,1.400,30,1.370,51.5,60.10
2030,Iron & Steel,7212,Flat-rolled <600mm coated,6335.3305,1.440,30,1.491,51.5,595676.94
2030,Iron & Steel,7213,Bars and rods HR in coils,155.46649999999997,1.390,30,1.364,51.5,14623.04
2030,Iron & Steel,7214 20 00,Rebars,5.127249999999999,1.390,30,1.364,51.5,482.26
2030,Iron & Steel,7215,"Bars and rods, cold-formed",503.99399999999997,1.390,30,1.364,51.5,47405.22
2030,Iron & Steel,7216,"Angles, shapes and sections",489.9894999999999,1.390,30,1.364,51.5,46087.97
2030,Iron & Steel,7217 10,"Wire, uncoated",1160.2169999999999,1.390,30,1.364,51.5,109128.96
2030,Iron & Steel,7217 20,"Wire, zinc-coated",417.394,1.390,30,1.397,51.5,38655.63
2030,Iron & Steel,7218 10 00,SS ingots,3178.08825,3.110,30,1.400,51.5,899052.21
2030,Iron & Steel,7219 11 00,SS flat-rolled ≥600mm HR,6.60825,3.220,30,1.170,51.5,2016.54
2030,Iron & Steel,7219 31 00,SS flat-rolled ≥600mm CR,41.71575,3.270,30,1.250,51.5,12814.32
2030,Iron & Steel,7221,SS bars/rods HR in coils,384.28675000000004,3.270,30,1.206,51.5,118787.46
2030,Iron & Steel,7223 00,SS wire in coils,851.36525,3.270,30,1.206,51.5,263166.81
2030,Iron & Steel,7224 10,Alloy steel ingots,370.6405,3.490,30,1.724,51.5,115176.20
2030,Iron & Steel,7225 11 00,Si-elec. steel GO ≥600mm,3233.8505,4.730,30,1.779,51.5,1441035.41
2030,Iron & Steel,7225 30,Alloy steel HR ≥600mm coils,234.37400000000002,3.590,30,1.493,51.5,77800.48
2030,Iron & Steel,7225 50,Alloy steel CR ≥600mm,97.15425,3.640,30,1.586,51.5,32391.88
2030,Iron & Steel,7301,Sheet piling,95.74725000000001,1.440,30,1.458,51.5,9141.17
2030,Iron & Steel,7302,Railway track material,159.76075,2.740,30,1.383,51.5,38770.10
2030,Iron & Steel,7303 00,Cast iron tubes/pipes,0,1.850,30,1.484,51.5,0.00
2030,Iron & Steel,7304 19,Seamless line pipe non-SS,3835.1745,1.974,30,1.383,51.5,605420.05
2030,Iron & Steel,7304 39,Seamless circular tubes HR,2256.72525,1.974,30,1.383,51.5,356246.30
2030,Iron & Steel,7305,Large-diameter welded pipes,229.948,1.440,30,1.458,51.5,21953.56
2030,Iron & Steel,7306 19 00,Welded line pipe non-SS,36.301,1.440,30,1.458,51.5,3465.72
2030,Iron & Steel,7306 30 80,Welded tubes 168–406mm,31.213749999999997,1.440,30,1.491,51.5,2934.86
2030,Iron & Steel,7307 21 00,SS flanges,152.698,2.800,30,1.154,51.5,39603.94
2030,Iron & Steel,7307 91 00,Flanges non-SS,162.20775,1.410,30,1.383,51.5,15481.09
2030,Iron & Steel,7308,Steel structures,5421.941,2.900,30,1.491,51.5,1386131.20
2030,Iron & Steel,7309,Steel tanks >300L,1812.3339999999998,3.190,30,1.491,51.5,521510.57
2030,Iron & Steel,7310,Steel tanks ≤300L,6620.365500000002,1.440,30,1.491,51.5,622477.24
2030,Iron & Steel,7311 00,Steel containers compressed gas,3431.1755,3.730,30,1.364,51.5,1211568.92
2030,Iron & Steel,7318 15,Threaded screws and bolts,7298.0297500000015,2.580,30,1.364,51.5,1647870.75
2030,Iron & Steel,7318 16,Nuts,1934.6097499999998,3.030,30,1.364,51.5,533204.35
2030,Iron & Steel,7318 22 00,Washers,810.3247499999999,1.830,30,1.364,51.5,115689.08
2030,Iron & Steel,7318 23 00,Rivets,196.12474999999995,1.680,30,1.364,51.5,24743.73
2030,Iron & Steel,7326 90 98,Articles of iron/steel NES,17102.464999999997,1.440,30,1.491,51.5,1608052.49
2030,Aluminum,7601,Unwrought aluminium,10562.752000000002,1.700,30,1.423,51.5,1328686.39
2030,Aluminum,7603,Al powders and flakes,635.62675,2.032,30,1.506,51.5,101024.93
2030,Aluminum,7604 10 10,Al bars and rods,29.688000000000002,2.258,30,1.485,51.5,5486.62
2030,Aluminum,7604 10 90,Al profiles,57.97825,2.278,30,1.493,51.5,10827.89
2030,Aluminum,7604 21 00,Al hollow profiles,218.28675,2.278,30,1.493,51.5,40766.75
2030,Aluminum,7604 29 10,Al bars and rods (other),2164.6532499999994,2.258,30,1.485,51.5,400048.30
2030,Aluminum,7604 29 90,Al profiles (other),1259.35275,2.278,30,1.493,51.5,235193.95
2030,Aluminum,7605,Aluminum wire,3399.9722500000003,2.258,30,1.485,51.5,628346.89
2030,Aluminum,7606,"Al plates, sheets, strip >0.2mm",23225.381249999995,2.730,30,1.485,51.5,5506637.83
2030,Aluminum,7607,Aluminum foil ≤0.2mm,2179.44875,2.730,30,1.599,51.5,505841.63
2030,Aluminum,7608,Aluminum tubes and pipes,596.9262500000001,2.278,30,1.493,51.5,111480.64
2030,Aluminum,7609 00 00,Al tube/pipe fittings,264.3915,2.278,30,1.493,51.5,49377.18
2030,Aluminum,7610 10 00,"Al doors, windows, frames",243.5665,2.278,30,1.493,51.5,45487.94
2030,Aluminum,7611 00 00,Al reservoirs/tanks >300L,90.79575000000001,2.730,30,1.594,51.5,21093.25
2030,Aluminum,7612,"Al casks, drums, cans ≤300L",1493.321,2.730,30,1.594,51.5,346921.49
2030,Aluminum,7613 00 00,Al containers compressed gas,365.25925,2.730,30,1.594,51.5,84855.35
2030,Aluminum,7614,"Al stranded wire, cables",328.45675,2.258,30,1.485,51.5,60701.90
2030,Aluminum,7616 10 00,"Al nails, screws, nuts",330.82525000000004,2.730,30,1.485,51.5,78437.24
2030,Aluminum,7616 91 00,"Al cloth, grill, netting",117.23275000000001,2.730,30,1.485,51.5,27795.38
2030,Aluminum,7616 99 10,Al cast articles,420.3047499999999,2.032,30,1.506,51.5,66802.19
2030,Aluminum,7616 99 90,Other Al articles,3187.70475,2.730,30,1.485,51.5,755791.06
2030,Cement,2507 00 80,Calcined clay,11525.35875,0.310,30,0.666,51.5,58897.57
2030,Cement,2523 10 00,White clinker,48.582750000000004,1.370,30,0.859,51.5,5538.05
2030,Cement,2523 10 00,Grey clinker,48.582750000000004,1.190,30,0.666,51.5,4981.17
2030,Cement,2523 21 00,White Portland cement,195.86875000000003,1.380,30,0.859,51.5,22544.34
2030,Cement,2523 29 00,Grey Portland cement,184.00725,1.210,30,0.666,51.5,19273.60
2030,Cement,2523 90 00,White hydraulic cements,568.8325,1.450,30,0.847,51.5,70179.57
2030,Cement,2523 90 00,Grey hydraulic cements,568.8325,1.160,30,0.666,51.5,56433.03
2030,Cement,2523 30 00,Aluminous cement,65.11725,1.940,30,0.717,51.5,11937.35
2030,Fertilizers,2808 00 00,Nitric acid,119.24974999999999,1.900,1,0.582,51.5,16443.57
2030,Fertilizers,2814 10 00,Anhydrous ammonia,193703.11200000002,3.410,1,1.522,51.5,43879869.04
2030,Fertilizers,2814 20 00,Ammonia in aqueous solution,1794.0124999999998,1.020,1,0.457,51.5,121399.79
2030,Fertilizers,2834 21 00,Nitrate of potassium,38.7455,1.910,1,0.626,51.5,5300.92
2030,Fertilizers,3102 10 12,"Urea aq. sol. >45%N, 31.8–33.2%",0.0055,0.760,1,0.304,51.5,0.29
2030,Fertilizers,3102 10 15,"Urea aq. sol. >45%N, 33.2–55%",0.0075,1.240,1,0.503,51.5,0.63
2030,Fertilizers,3102 10 19,Urea >45%N solid,1.387,2.290,1,0.902,51.5,218.33
2030,Fertilizers,3102 10 90,Urea ≤45%N,5284.0535,2.240,1,0.882,51.5,813447.85
2030,Fertilizers,3102 21 00,Ammonium sulphate,178.52325,1.030,1,0.414,51.5,12569.25
2030,Fertilizers,3102 29 00,Double salts: ammonium sulphate/nitrate,21.7695,1.530,1,0.566,51.5,2323.78
2030,Fertilizers,3102 30 10,Ammonium nitrate aqueous,6.985,1.470,1,0.508,51.5,727.69
2030,Fertilizers,3102 30 90,Ammonium nitrate solid,46674.957749999994,2.270,1,0.767,51.5,7543941.83
2030,Fertilizers,3102 40 10,AN+CaCO₃ ≤28%N,0.0075,1.980,1,0.688,51.5,1.05
2030,Fertilizers,3102 40 90,AN+CaCO₃ >28%N,0.024,1.980,1,0.688,51.5,3.36
2030,Fertilizers,3102 50 00,Sodium nitrate,27.25125000000001,2.970,1,0.693,51.5,6133.67
2030,Fertilizers,3102 60 00,Calcium nitrate/ammonium nitrate mix,4.4335,1.910,1,0.633,51.5,605.20
2030,Fertilizers,3102 80 00,UAN solution,652473.0460000001,1.740,1,0.625,51.5,79739156.76
2030,Fertilizers,3102 90 00,Other N-fertilizers,910.9499999999999,2.020,1,0.847,51.5,124412.13
2030,Fertilizers,3105 10 00,NPK packaged ≤10kg,698.42725,0.960,1,0.376,51.5,46174.66
2030,Fertilizers,3105 20 10,NPK >10%N,1674.0005,1.060,1,0.434,51.5,120811.84
2030,Fertilizers,3105 20 90,NPK ≤10%N,1615.7705000000003,0.740,1,0.319,51.5,80178.00
2030,Fertilizers,3105 30 00,DAP,2768.0637500000007,0.820,1,0.339,51.5,154022.63
2030,Fertilizers,3105 40 00,MAP,14691.4455,0.530,1,0.173,51.5,557861.26
2030,Fertilizers,3105 51 00,NP nitrates+phosphates,1.8867499999999997,1.420,1,0.548,51.5,185.06
2030,Fertilizers,3105 59 00,NP other,389.58725,1.010,1,0.391,51.5,27159.04
2030,Fertilizers,3105 90 20,NK >10%N,409.50050000000005,1.340,1,0.476,51.5,38633.02
2030,Fertilizers,3105 90 80,NK ≤10%N,901.2985000000001,0.710,1,0.248,51.5,45228.24
2030,Hydrogen,2804 10 00,Hydrogen,197.9055,26.640,30,5.089,51.5,539484.13
2031,Iron & Steel,2601 12 00,Agglomerated iron ores,1954006.2254999997,0.680,30,0.086,39.0,141513922.32
2031,Iron & Steel,7201,Pig iron,6.3957500000000005,1.210,30,1.210,39.0,599.70
2031,Iron & Steel,7202 11,Ferro-manganese >2%C,5.178000000000001,1.690,30,1.319,39.0,741.92
2031,Iron & Steel,7202 41,Ferro-chromium >4%C,4.307,2.350,30,1.124,39.0,959.71
2031,Iron & Steel,7202 60 00,Ferro-nickel,3.7712499999999993,3.480,30,2.343,39.0,1159.42
2031,Iron & Steel,7203,DRI products,443494.4885,0.450,30,0.397,39.0,16246046.04
2031,Iron & Steel,7205,Granules/powders pig iron,8201.580750000001,2.425,30,1.288,39.0,1850590.49
2031,Iron & Steel,7206 10 00,Steel ingots,183.64,1.330,30,1.288,39.0,19183.06
2031,Iron & Steel,7208,HR flat-rolled ≥600mm,1303.7140000000002,1.400,30,1.370,39.0,142738.56
2031,Iron & Steel,7209,CR flat-rolled ≥600mm,198.03775000000002,1.440,30,1.458,39.0,21980.54
2031,Iron & Steel,7210,Flat-rolled ≥600mm coated,5473.173250000001,1.440,30,1.491,39.0,601478.22
2031,Iron & Steel,7211 13 00,Wide flats 150–600mm,0.6332499999999999,1.400,30,1.370,39.0,69.33
2031,Iron & Steel,7212,Flat-rolled <600mm coated,6335.3305,1.440,30,1.491,39.0,696225.59
2031,Iron & Steel,7213,Bars and rods HR in coils,155.46649999999997,1.390,30,1.364,39.0,16880.29
2031,Iron & Steel,7214 20 00,Rebars,5.127249999999999,1.390,30,1.364,39.0,556.71
2031,Iron & Steel,7215,"Bars and rods, cold-formed",503.99399999999997,1.390,30,1.364,39.0,54722.82
2031,Iron & Steel,7216,"Angles, shapes and sections",489.9894999999999,1.390,30,1.364,39.0,53202.24
2031,Iron & Steel,7217 10,"Wire, uncoated",1160.2169999999999,1.390,30,1.364,39.0,125974.42
2031,Iron & Steel,7217 20,"Wire, zinc-coated",417.394,1.390,30,1.397,39.0,44862.49
2031,Iron & Steel,7218 10 00,SS ingots,3178.08825,3.110,30,1.400,39.0,946413.48
2031,Iron & Steel,7219 11 00,SS flat-rolled ≥600mm HR,6.60825,3.220,30,1.170,39.0,2098.84
2031,Iron & Steel,7219 31 00,SS flat-rolled ≥600mm CR,41.71575,3.270,30,1.250,39.0,13369.38
2031,Iron & Steel,7221,SS bars/rods HR in coils,384.28675000000004,3.270,30,1.206,39.0,123720.70
2031,Iron & Steel,7223 00,SS wire in coils,851.36525,3.270,30,1.206,39.0,274096.11
2031,Iron & Steel,7224 10,Alloy steel ingots,370.6405,3.490,30,1.724,39.0,121977.93
2031,Iron & Steel,7225 11 00,Si-elec. steel GO ≥600mm,3233.8505,4.730,30,1.779,39.0,1502274.01
2031,Iron & Steel,7225 30,Alloy steel HR ≥600mm coils,234.37400000000002,3.590,30,1.493,39.0,81525.25
2031,Iron & Steel,7225 50,Alloy steel CR ≥600mm,97.15425,3.640,30,1.586,39.0,34032.07
2031,Iron & Steel,7301,Sheet piling,95.74725000000001,1.440,30,1.458,39.0,10627.15
2031,Iron & Steel,7302,Railway track material,159.76075,2.740,30,1.383,39.0,41122.02
2031,Iron & Steel,7303 00,Cast iron tubes/pipes,0,1.850,30,1.484,39.0,0.00
2031,Iron & Steel,7304 19,Seamless line pipe non-SS,3835.1745,1.974,30,1.383,39.0,661879.50
2031,Iron & Steel,7304 39,Seamless circular tubes HR,2256.72525,1.974,30,1.383,39.0,389468.64
2031,Iron & Steel,7305,Large-diameter welded pipes,229.948,1.440,30,1.458,39.0,25522.31
2031,Iron & Steel,7306 19 00,Welded line pipe non-SS,36.301,1.440,30,1.458,39.0,4029.11
2031,Iron & Steel,7306 30 80,Welded tubes 168–406mm,31.213749999999997,1.440,30,1.491,39.0,3430.26
2031,Iron & Steel,7307 21 00,SS flanges,152.698,2.800,30,1.154,39.0,41479.66
2031,Iron & Steel,7307 91 00,Flanges non-SS,162.20775,1.410,30,1.383,39.0,17869.03
2031,Iron & Steel,7308,Steel structures,5421.941,2.900,30,1.491,39.0,1472183.36
2031,Iron & Steel,7309,Steel tanks >300L,1812.3339999999998,3.190,30,1.491,39.0,550274.30
2031,Iron & Steel,7310,Steel tanks ≤300L,6620.365500000002,1.440,30,1.491,39.0,727549.71
2031,Iron & Steel,7311 00,Steel containers compressed gas,3431.1755,3.730,30,1.364,39.0,1261386.96
2031,Iron & Steel,7318 15,Threaded screws and bolts,7298.0297500000015,2.580,30,1.364,39.0,1753832.56
2031,Iron & Steel,7318 16,Nuts,1934.6097499999998,3.030,30,1.364,39.0,561293.40
2031,Iron & Steel,7318 22 00,Washers,810.3247499999999,1.830,30,1.364,39.0,127454.37
2031,Iron & Steel,7318 23 00,Rivets,196.12474999999995,1.680,30,1.364,39.0,27591.31
2031,Iron & Steel,7326 90 98,Articles of iron/steel NES,17102.464999999997,1.440,30,1.491,39.0,1879487.40
2031,Aluminum,7601,Unwrought aluminium,10562.752000000002,1.700,30,1.423,39.0,1488683.20
2031,Aluminum,7603,Al powders and flakes,635.62675,2.032,30,1.506,39.0,111214.51
2031,Aluminum,7604 10 10,Al bars and rods,29.688000000000002,2.258,30,1.485,39.0,5955.91
2031,Aluminum,7604 10 90,Al profiles,57.97825,2.278,30,1.493,39.0,11749.30
2031,Aluminum,7604 21 00,Al hollow profiles,218.28675,2.278,30,1.493,39.0,44235.85
2031,Aluminum,7604 29 10,Al bars and rods (other),2164.6532499999994,2.258,30,1.485,39.0,434265.48
2031,Aluminum,7604 29 90,Al profiles (other),1259.35275,2.278,30,1.493,39.0,255208.08
2031,Aluminum,7605,Aluminum wire,3399.9722500000003,2.258,30,1.485,39.0,682091.03
2031,Aluminum,7606,"Al plates, sheets, strip >0.2mm",23225.381249999995,2.730,30,1.485,39.0,5873766.79
2031,Aluminum,7607,Aluminum foil ≤0.2mm,2179.44875,2.730,30,1.599,39.0,542937.41
2031,Aluminum,7608,Aluminum tubes and pipes,596.9262500000001,2.278,30,1.493,39.0,120967.22
2031,Aluminum,7609 00 00,Al tube/pipe fittings,264.3915,2.278,30,1.493,39.0,53578.99
2031,Aluminum,7610 10 00,"Al doors, windows, frames",243.5665,2.278,30,1.493,39.0,49358.80
2031,Aluminum,7611 00 00,Al reservoirs/tanks >300L,90.79575000000001,2.730,30,1.594,39.0,22633.83
2031,Aluminum,7612,"Al casks, drums, cans ≤300L",1493.321,2.730,30,1.594,39.0,372259.40
2031,Aluminum,7613 00 00,Al containers compressed gas,365.25925,2.730,30,1.594,39.0,91052.89
2031,Aluminum,7614,"Al stranded wire, cables",328.45675,2.258,30,1.485,39.0,65893.89
2031,Aluminum,7616 10 00,"Al nails, screws, nuts",330.82525000000004,2.730,30,1.485,39.0,83666.67
2031,Aluminum,7616 91 00,"Al cloth, grill, netting",117.23275000000001,2.730,30,1.485,39.0,29648.51
2031,Aluminum,7616 99 10,Al cast articles,420.3047499999999,2.032,30,1.506,39.0,73540.00
2031,Aluminum,7616 99 90,Other Al articles,3187.70475,2.730,30,1.485,39.0,806179.85
2031,Cement,2507 00 80,Calcined clay,11525.35875,0.310,30,0.666,39.0,140604.34
2031,Cement,2523 10 00,White clinker,48.582750000000004,1.370,30,0.859,39.0,5982.28
2031,Cement,2523 10 00,Grey clinker,48.582750000000004,1.190,30,0.666,39.0,5325.59
2031,Cement,2523 21 00,White Portland cement,195.86875000000003,1.380,30,0.859,39.0,24335.31
2031,Cement,2523 29 00,Grey Portland cement,184.00725,1.210,30,0.666,39.0,20578.09
2031,Cement,2523 90 00,White hydraulic cements,568.8325,1.450,30,0.847,39.0,75308.15
2031,Cement,2523 90 00,Grey hydraulic cements,568.8325,1.160,30,0.666,39.0,60465.66
2031,Cement,2523 30 00,Aluminous cement,65.11725,1.940,30,0.717,39.0,12434.34
2031,Fertilizers,2808 00 00,Nitric acid,119.24974999999999,1.900,1,0.582,39.0,17182.34
2031,Fertilizers,2814 10 00,Anhydrous ammonia,193703.11200000002,3.410,1,1.522,39.0,47018068.89
2031,Fertilizers,2814 20 00,Ammonia in aqueous solution,1794.0124999999998,1.020,1,0.457,39.0,130126.92
2031,Fertilizers,2834 21 00,Nitrate of potassium,38.7455,1.910,1,0.626,39.0,5559.10
2031,Fertilizers,3102 10 12,"Urea aq. sol. >45%N, 31.8–33.2%",0.0055,0.760,1,0.304,39.0,0.30
2031,Fertilizers,3102 10 15,"Urea aq. sol. >45%N, 33.2–55%",0.0075,1.240,1,0.503,39.0,0.67
2031,Fertilizers,3102 10 19,Urea >45%N solid,1.387,2.290,1,0.902,39.0,231.64
2031,Fertilizers,3102 10 90,Urea ≤45%N,5284.0535,2.240,1,0.882,39.0,863057.38
2031,Fertilizers,3102 21 00,Ammonium sulphate,178.52325,1.030,1,0.414,39.0,13355.98
2031,Fertilizers,3102 29 00,Double salts: ammonium sulphate/nitrate,21.7695,1.530,1,0.566,39.0,2454.94
2031,Fertilizers,3102 30 10,Ammonium nitrate aqueous,6.985,1.470,1,0.508,39.0,765.46
2031,Fertilizers,3102 30 90,Ammonium nitrate solid,46674.957749999994,2.270,1,0.767,39.0,7925015.23
2031,Fertilizers,3102 40 10,AN+CaCO₃ ≤28%N,0.0075,1.980,1,0.688,39.0,1.11
2031,Fertilizers,3102 40 90,AN+CaCO₃ >28%N,0.024,1.980,1,0.688,39.0,3.54
2031,Fertilizers,3102 50 00,Sodium nitrate,27.25125000000001,2.970,1,0.693,39.0,6334.69
2031,Fertilizers,3102 60 00,Calcium nitrate/ammonium nitrate mix,4.4335,1.910,1,0.633,39.0,635.08
2031,Fertilizers,3102 80 00,UAN solution,652473.0460000001,1.740,1,0.625,39.0,84079978.37
2031,Fertilizers,3102 90 00,Other N-fertilizers,910.9499999999999,2.020,1,0.847,39.0,132625.23
2031,Fertilizers,3105 10 00,NPK packaged ≤10kg,698.42725,0.960,1,0.376,39.0,48970.02
2031,Fertilizers,3105 20 10,NPK >10%N,1674.0005,1.060,1,0.434,39.0,128545.31
2031,Fertilizers,3105 20 90,NPK ≤10%N,1615.7705000000003,0.740,1,0.319,39.0,85664.55
2031,Fertilizers,3105 30 00,DAP,2768.0637500000007,0.820,1,0.339,39.0,164011.24
2031,Fertilizers,3105 40 00,MAP,14691.4455,0.530,1,0.173,39.0,584915.79
2031,Fertilizers,3105 51 00,NP nitrates+phosphates,1.8867499999999997,1.420,1,0.548,39.0,196.06
2031,Fertilizers,3105 59 00,NP other,389.58725,1.010,1,0.391,39.0,28780.51
2031,Fertilizers,3105 90 20,NK >10%N,409.50050000000005,1.340,1,0.476,39.0,40707.89
2031,Fertilizers,3105 90 80,NK ≤10%N,901.2985000000001,0.710,1,0.248,39.0,47607.54
2031,Hydrogen,2804 10 00,Hydrogen,197.9055,26.640,30,5.089,39.0,550204.75
2032,Iron & Steel,2601 12 00,Agglomerated iron ores,1954006.2254999997,0.680,30,0.086,26.5,143302689.19
2032,Iron & Steel,7201,Pig iron,6.3957500000000005,1.210,30,1.210,26.5,682.08
2032,Iron & Steel,7202 11,Ferro-manganese >2%C,5.178000000000001,1.690,30,1.319,26.5,814.62
2032,Iron & Steel,7202 41,Ferro-chromium >4%C,4.307,2.350,30,1.124,26.5,1011.24
2032,Iron & Steel,7202 60 00,Ferro-nickel,3.7712499999999993,3.480,30,2.343,26.5,1253.47
2032,Iron & Steel,7203,DRI products,443494.4885,0.450,30,0.397,26.5,18120212.15
2032,Iron & Steel,7205,Granules/powders pig iron,8201.580750000001,2.425,30,1.288,26.5,1963036.17
2032,Iron & Steel,7206 10 00,Steel ingots,183.64,1.330,30,1.288,26.5,21700.81
2032,Iron & Steel,7208,HR flat-rolled ≥600mm,1303.7140000000002,1.400,30,1.370,26.5,161750.75
2032,Iron & Steel,7209,CR flat-rolled ≥600mm,198.03775000000002,1.440,30,1.458,26.5,25054.05
2032,Iron & Steel,7210,Flat-rolled ≥600mm coated,5473.173250000001,1.440,30,1.491,26.5,688343.49
2032,Iron & Steel,7211 13 00,Wide flats 150–600mm,0.6332499999999999,1.400,30,1.370,26.5,78.57
2032,Iron & Steel,7212,Flat-rolled <600mm coated,6335.3305,1.440,30,1.491,26.5,796774.25
2032,Iron & Steel,7213,Bars and rods HR in coils,155.46649999999997,1.390,30,1.364,26.5,19137.55
2032,Iron & Steel,7214 20 00,Rebars,5.127249999999999,1.390,30,1.364,26.5,631.15
2032,Iron & Steel,7215,"Bars and rods, cold-formed",503.99399999999997,1.390,30,1.364,26.5,62040.43
2032,Iron & Steel,7216,"Angles, shapes and sections",489.9894999999999,1.390,30,1.364,26.5,60316.51
2032,Iron & Steel,7217 10,"Wire, uncoated",1160.2169999999999,1.390,30,1.364,26.5,142819.88
2032,Iron & Steel,7217 20,"Wire, zinc-coated",417.394,1.390,30,1.397,26.5,51069.35
2032,Iron & Steel,7218 10 00,SS ingots,3178.08825,3.110,30,1.400,26.5,993774.75
2032,Iron & Steel,7219 11 00,SS flat-rolled ≥600mm HR,6.60825,3.220,30,1.170,26.5,2181.14
2032,Iron & Steel,7219 31 00,SS flat-rolled ≥600mm CR,41.71575,3.270,30,1.250,26.5,13924.44
2032,Iron & Steel,7221,SS bars/rods HR in coils,384.28675000000004,3.270,30,1.206,26.5,128653.94
2032,Iron & Steel,7223 00,SS wire in coils,851.36525,3.270,30,1.206,26.5,285025.42
2032,Iron & Steel,7224 10,Alloy steel ingots,370.6405,3.490,30,1.724,26.5,128779.66
2032,Iron & Steel,7225 11 00,Si-elec. steel GO ≥600mm,3233.8505,4.730,30,1.779,26.5,1563512.61
2032,Iron & Steel,7225 30,Alloy steel HR ≥600mm coils,234.37400000000002,3.590,30,1.493,26.5,85250.01
2032,Iron & Steel,7225 50,Alloy steel CR ≥600mm,97.15425,3.640,30,1.586,26.5,35672.26
2032,Iron & Steel,7301,Sheet piling,95.74725000000001,1.440,30,1.458,26.5,12113.13
2032,Iron & Steel,7302,Railway track material,159.76075,2.740,30,1.383,26.5,43473.93
2032,Iron & Steel,7303 00,Cast iron tubes/pipes,0,1.850,30,1.484,26.5,0.00
2032,Iron & Steel,7304 19,Seamless line pipe non-SS,3835.1745,1.974,30,1.383,26.5,718338.95
2032,Iron & Steel,7304 39,Seamless circular tubes HR,2256.72525,1.974,30,1.383,26.5,422690.97
2032,Iron & Steel,7305,Large-diameter welded pipes,229.948,1.440,30,1.458,26.5,29091.07
2032,Iron & Steel,7306 19 00,Welded line pipe non-SS,36.301,1.440,30,1.458,26.5,4592.49
2032,Iron & Steel,7306 30 80,Welded tubes 168–406mm,31.213749999999997,1.440,30,1.491,26.5,3925.65
2032,Iron & Steel,7307 21 00,SS flanges,152.698,2.800,30,1.154,26.5,43355.38
2032,Iron & Steel,7307 91 00,Flanges non-SS,162.20775,1.410,30,1.383,26.5,20256.97
2032,Iron & Steel,7308,Steel structures,5421.941,2.900,30,1.491,26.5,1558235.52
2032,Iron & Steel,7309,Steel tanks >300L,1812.3339999999998,3.190,30,1.491,26.5,579038.03
2032,Iron & Steel,7310,Steel tanks ≤300L,6620.365500000002,1.440,30,1.491,26.5,832622.19
2032,Iron & Steel,7311 00,Steel containers compressed gas,3431.1755,3.730,30,1.364,26.5,1311205.00
2032,Iron & Steel,7318 15,Threaded screws and bolts,7298.0297500000015,2.580,30,1.364,26.5,1859794.36
2032,Iron & Steel,7318 16,Nuts,1934.6097499999998,3.030,30,1.364,26.5,589382.46
2032,Iron & Steel,7318 22 00,Washers,810.3247499999999,1.830,30,1.364,26.5,139219.67
2032,Iron & Steel,7318 23 00,Rivets,196.12474999999995,1.680,30,1.364,26.5,30438.89
2032,Iron & Steel,7326 90 98,Articles of iron/steel NES,17102.464999999997,1.440,30,1.491,26.5,2150922.30
2032,Aluminum,7601,Unwrought aluminium,10562.752000000002,1.700,30,1.423,26.5,1648680.01
2032,Aluminum,7603,Al powders and flakes,635.62675,2.032,30,1.506,26.5,121404.10
2032,Aluminum,7604 10 10,Al bars and rods,29.688000000000002,2.258,30,1.485,26.5,6425.19
2032,Aluminum,7604 10 90,Al profiles,57.97825,2.278,30,1.493,26.5,12670.72
2032,Aluminum,7604 21 00,Al hollow profiles,218.28675,2.278,30,1.493,26.5,47704.95
2032,Aluminum,7604 29 10,Al bars and rods (other),2164.6532499999994,2.258,30,1.485,26.5,468482.65
2032,Aluminum,7604 29 90,Al profiles (other),1259.35275,2.278,30,1.493,26.5,275222.20
2032,Aluminum,7605,Aluminum wire,3399.9722500000003,2.258,30,1.485,26.5,735835.18
2032,Aluminum,7606,"Al plates, sheets, strip >0.2mm",23225.381249999995,2.730,30,1.485,26.5,6240895.76
2032,Aluminum,7607,Aluminum foil ≤0.2mm,2179.44875,2.730,30,1.599,26.5,580033.19
2032,Aluminum,7608,Aluminum tubes and pipes,596.9262500000001,2.278,30,1.493,26.5,130453.80
2032,Aluminum,7609 00 00,Al tube/pipe fittings,264.3915,2.278,30,1.493,26.5,57780.80
2032,Aluminum,7610 10 00,"Al doors, windows, frames",243.5665,2.278,30,1.493,26.5,53229.65
2032,Aluminum,7611 00 00,Al reservoirs/tanks >300L,90.79575000000001,2.730,30,1.594,26.5,24174.40
2032,Aluminum,7612,"Al casks, drums, cans ≤300L",1493.321,2.730,30,1.594,26.5,397597.31
2032,Aluminum,7613 00 00,Al containers compressed gas,365.25925,2.730,30,1.594,26.5,97250.42
2032,Aluminum,7614,"Al stranded wire, cables",328.45675,2.258,30,1.485,26.5,71085.88
2032,Aluminum,7616 10 00,"Al nails, screws, nuts",330.82525000000004,2.730,30,1.485,26.5,88896.10
2032,Aluminum,7616 91 00,"Al cloth, grill, netting",117.23275000000001,2.730,30,1.485,26.5,31501.63
2032,Aluminum,7616 99 10,Al cast articles,420.3047499999999,2.032,30,1.506,26.5,80277.80
2032,Aluminum,7616 99 90,Other Al articles,3187.70475,2.730,30,1.485,26.5,856568.63
2032,Cement,2507 00 80,Calcined clay,11525.35875,0.310,30,0.666,26.5,222311.11
2032,Cement,2523 10 00,White clinker,48.582750000000004,1.370,30,0.859,26.5,6426.51
2032,Cement,2523 10 00,Grey clinker,48.582750000000004,1.190,30,0.666,26.5,5670.01
2032,Cement,2523 21 00,White Portland cement,195.86875000000003,1.380,30,0.859,26.5,26126.27
2032,Cement,2523 29 00,Grey Portland cement,184.00725,1.210,30,0.666,26.5,21882.57
2032,Cement,2523 90 00,White hydraulic cements,568.8325,1.450,30,0.847,26.5,80436.73
2032,Cement,2523 90 00,Grey hydraulic cements,568.8325,1.160,30,0.666,26.5,64498.29
2032,Cement,2523 30 00,Aluminous cement,65.11725,1.940,30,0.717,26.5,12931.32
2032,Fertilizers,2808 00 00,Nitric acid,119.24974999999999,1.900,1,0.582,26.5,17921.11
2032,Fertilizers,2814 10 00,Anhydrous ammonia,193703.11200000002,3.410,1,1.522,26.5,50156268.73
2032,Fertilizers,2814 20 00,Ammonia in aqueous solution,1794.0124999999998,1.020,1,0.457,26.5,138854.04
2032,Fertilizers,2834 21 00,Nitrate of potassium,38.7455,1.910,1,0.626,26.5,5817.28
2032,Fertilizers,3102 10 12,"Urea aq. sol. >45%N, 31.8–33.2%",0.0055,0.760,1,0.304,26.5,0.32
2032,Fertilizers,3102 10 15,"Urea aq. sol. >45%N, 33.2–55%",0.0075,1.240,1,0.503,26.5,0.71
2032,Fertilizers,3102 10 19,Urea >45%N solid,1.387,2.290,1,0.902,26.5,244.96
2032,Fertilizers,3102 10 90,Urea ≤45%N,5284.0535,2.240,1,0.882,26.5,912666.91
2032,Fertilizers,3102 21 00,Ammonium sulphate,178.52325,1.030,1,0.414,26.5,14142.70
2032,Fertilizers,3102 29 00,Double salts: ammonium sulphate/nitrate,21.7695,1.530,1,0.566,26.5,2586.10
2032,Fertilizers,3102 30 10,Ammonium nitrate aqueous,6.985,1.470,1,0.508,26.5,803.23
2032,Fertilizers,3102 30 90,Ammonium nitrate solid,46674.957749999994,2.270,1,0.767,26.5,8306088.64
2032,Fertilizers,3102 40 10,AN+CaCO₃ ≤28%N,0.0075,1.980,1,0.688,26.5,1.16
2032,Fertilizers,3102 40 90,AN+CaCO₃ >28%N,0.024,1.980,1,0.688,26.5,3.71
2032,Fertilizers,3102 50 00,Sodium nitrate,27.25125000000001,2.970,1,0.693,26.5,6535.72
2032,Fertilizers,3102 60 00,Calcium nitrate/ammonium nitrate mix,4.4335,1.910,1,0.633,26.5,664.95
2032,Fertilizers,3102 80 00,UAN solution,652473.0460000001,1.740,1,0.625,26.5,88420799.99
2032,Fertilizers,3102 90 00,Other N-fertilizers,910.9499999999999,2.020,1,0.847,26.5,140838.34
2032,Fertilizers,3105 10 00,NPK packaged ≤10kg,698.42725,0.960,1,0.376,26.5,51765.38
2032,Fertilizers,3105 20 10,NPK >10%N,1674.0005,1.060,1,0.434,26.5,136278.79
2032,Fertilizers,3105 20 90,NPK ≤10%N,1615.7705000000003,0.740,1,0.319,26.5,91151.11
2032,Fertilizers,3105 30 00,DAP,2768.0637500000007,0.820,1,0.339,26.5,173999.85
2032,Fertilizers,3105 40 00,MAP,14691.4455,0.530,1,0.173,26.5,611970.32
2032,Fertilizers,3105 51 00,NP nitrates+phosphates,1.8867499999999997,1.420,1,0.548,26.5,207.07
2032,Fertilizers,3105 59 00,NP other,389.58725,1.010,1,0.391,26.5,30401.99
2032,Fertilizers,3105 90 20,NK >10%N,409.50050000000005,1.340,1,0.476,26.5,42782.76
2032,Fertilizers,3105 90 80,NK ≤10%N,901.2985000000001,0.710,1,0.248,26.5,49986.84
2032,Hydrogen,2804 10 00,Hydrogen,197.9055,26.640,30,5.089,26.5,560925.36
2033,Iron & Steel,2601 12 00,Agglomerated iron ores,1954006.2254999997,0.680,30,0.086,14.0,145091456.05
2033,Iron & Steel,7201,Pig iron,6.3957500000000005,1.210,30,1.210,14.0,764.46
2033,Iron & Steel,7202 11,Ferro-manganese >2%C,5.178000000000001,1.690,30,1.319,14.0,887.33
2033,Iron & Steel,7202 41,Ferro-chromium >4%C,4.307,2.350,30,1.124,14.0,1062.77
2033,Iron & Steel,7202 60 00,Ferro-nickel,3.7712499999999993,3.480,30,2.343,14.0,1347.53
2033,Iron & Steel,7203,DRI products,443494.4885,0.450,30,0.397,14.0,19994378.26
2033,Iron & Steel,7205,Granules/powders pig iron,8201.580750000001,2.425,30,1.288,14.0,2075481.85
2033,Iron & Steel,7206 10 00,Steel ingots,183.64,1.330,30,1.288,14.0,24218.56
2033,Iron & Steel,7208,HR flat-rolled ≥600mm,1303.7140000000002,1.400,30,1.370,14.0,180762.95
2033,Iron & Steel,7209,CR flat-rolled ≥600mm,198.03775000000002,1.440,30,1.458,14.0,28127.56
2033,Iron & Steel,7210,Flat-rolled ≥600mm coated,5473.173250000001,1.440,30,1.491,14.0,775208.76
2033,Iron & Steel,7211 13 00,Wide flats 150–600mm,0.6332499999999999,1.400,30,1.370,14.0,87.80
2033,Iron & Steel,7212,Flat-rolled <600mm coated,6335.3305,1.440,30,1.491,14.0,897322.90
2033,Iron & Steel,7213,Bars and rods HR in coils,155.46649999999997,1.390,30,1.364,14.0,21394.80
2033,Iron & Steel,7214 20 00,Rebars,5.127249999999999,1.390,30,1.364,14.0,705.60
2033,Iron & Steel,7215,"Bars and rods, cold-formed",503.99399999999997,1.390,30,1.364,14.0,69358.04
2033,Iron & Steel,7216,"Angles, shapes and sections",489.9894999999999,1.390,30,1.364,14.0,67430.78
2033,Iron & Steel,7217 10,"Wire, uncoated",1160.2169999999999,1.390,30,1.364,14.0,159665.35
2033,Iron & Steel,7217 20,"Wire, zinc-coated",417.394,1.390,30,1.397,14.0,57276.21
2033,Iron & Steel,7218 10 00,SS ingots,3178.08825,3.110,30,1.400,14.0,1041136.02
2033,Iron & Steel,7219 11 00,SS flat-rolled ≥600mm HR,6.60825,3.220,30,1.170,14.0,2263.44
2033,Iron & Steel,7219 31 00,SS flat-rolled ≥600mm CR,41.71575,3.270,30,1.250,14.0,14479.50
2033,Iron & Steel,7221,SS bars/rods HR in coils,384.28675000000004,3.270,30,1.206,14.0,133587.18
2033,Iron & Steel,7223 00,SS wire in coils,851.36525,3.270,30,1.206,14.0,295954.72
2033,Iron & Steel,7224 10,Alloy steel ingots,370.6405,3.490,30,1.724,14.0,135581.39
2033,Iron & Steel,7225 11 00,Si-elec. steel GO ≥600mm,3233.8505,4.730,30,1.779,14.0,1624751.20
2033,Iron & Steel,7225 30,Alloy steel HR ≥600mm coils,234.37400000000002,3.590,30,1.493,14.0,88974.77
2033,Iron & Steel,7225 50,Alloy steel CR ≥600mm,97.15425,3.640,30,1.586,14.0,37312.46
2033,Iron & Steel,7301,Sheet piling,95.74725000000001,1.440,30,1.458,14.0,13599.11
2033,Iron & Steel,7302,Railway track material,159.76075,2.740,30,1.383,14.0,45825.85
2033,Iron & Steel,7303 00,Cast iron tubes/pipes,0,1.850,30,1.484,14.0,0.00
2033,Iron & Steel,7304 19,Seamless line pipe non-SS,3835.1745,1.974,30,1.383,14.0,774798.40
2033,Iron & Steel,7304 39,Seamless circular tubes HR,2256.72525,1.974,30,1.383,14.0,455913.31
2033,Iron & Steel,7305,Large-diameter welded pipes,229.948,1.440,30,1.458,14.0,32659.82
2033,Iron & Steel,7306 19 00,Welded line pipe non-SS,36.301,1.440,30,1.458,14.0,5155.88
2033,Iron & Steel,7306 30 80,Welded tubes 168–406mm,31.213749999999997,1.440,30,1.491,14.0,4421.05
2033,Iron & Steel,7307 21 00,SS flanges,152.698,2.800,30,1.154,14.0,45231.11
2033,Iron & Steel,7307 91 00,Flanges non-SS,162.20775,1.410,30,1.383,14.0,22644.91
2033,Iron & Steel,7308,Steel structures,5421.941,2.900,30,1.491,14.0,1644287.68
2033,Iron & Steel,7309,Steel tanks >300L,1812.3339999999998,3.190,30,1.491,14.0,607801.76
2033,Iron & Steel,7310,Steel tanks ≤300L,6620.365500000002,1.440,30,1.491,14.0,937694.66
2033,Iron & Steel,7311 00,Steel containers compressed gas,3431.1755,3.730,30,1.364,14.0,1361023.05
2033,Iron & Steel,7318 15,Threaded screws and bolts,7298.0297500000015,2.580,30,1.364,14.0,1965756.17
2033,Iron & Steel,7318 16,Nuts,1934.6097499999998,3.030,30,1.364,14.0,617471.51
2033,Iron & Steel,7318 22 00,Washers,810.3247499999999,1.830,30,1.364,14.0,150984.96
2033,Iron & Steel,7318 23 00,Rivets,196.12474999999995,1.680,30,1.364,14.0,33286.47
2033,Iron & Steel,7326 90 98,Articles of iron/steel NES,17102.464999999997,1.440,30,1.491,14.0,2422357.21
2033,Aluminum,7601,Unwrought aluminium,10562.752000000002,1.700,30,1.423,14.0,1808676.82
2033,Aluminum,7603,Al powders and flakes,635.62675,2.032,30,1.506,14.0,131593.68
2033,Aluminum,7604 10 10,Al bars and rods,29.688000000000002,2.258,30,1.485,14.0,6894.48
2033,Aluminum,7604 10 90,Al profiles,57.97825,2.278,30,1.493,14.0,13592.13
2033,Aluminum,7604 21 00,Al hollow profiles,218.28675,2.278,30,1.493,14.0,51174.05
2033,Aluminum,7604 29 10,Al bars and rods (other),2164.6532499999994,2.258,30,1.485,14.0,502699.83
2033,Aluminum,7604 29 90,Al profiles (other),1259.35275,2.278,30,1.493,14.0,295236.32
2033,Aluminum,7605,Aluminum wire,3399.9722500000003,2.258,30,1.485,14.0,789579.33
2033,Aluminum,7606,"Al plates, sheets, strip >0.2mm",23225.381249999995,2.730,30,1.485,14.0,6608024.73
2033,Aluminum,7607,Aluminum foil ≤0.2mm,2179.44875,2.730,30,1.599,14.0,617128.96
2033,Aluminum,7608,Aluminum tubes and pipes,596.9262500000001,2.278,30,1.493,14.0,139940.39
2033,Aluminum,7609 00 00,Al tube/pipe fittings,264.3915,2.278,30,1.493,14.0,61982.61
2033,Aluminum,7610 10 00,"Al doors, windows, frames",243.5665,2.278,30,1.493,14.0,57100.50
2033,Aluminum,7611 00 00,Al reservoirs/tanks >300L,90.79575000000001,2.730,30,1.594,14.0,25714.98
2033,Aluminum,7612,"Al casks, drums, cans ≤300L",1493.321,2.730,30,1.594,14.0,422935.23
2033,Aluminum,7613 00 00,Al containers compressed gas,365.25925,2.730,30,1.594,14.0,103447.95
2033,Aluminum,7614,"Al stranded wire, cables",328.45675,2.258,30,1.485,14.0,76277.88
2033,Aluminum,7616 10 00,"Al nails, screws, nuts",330.82525000000004,2.730,30,1.485,14.0,94125.53
2033,Aluminum,7616 91 00,"Al cloth, grill, netting",117.23275000000001,2.730,30,1.485,14.0,33354.76
2033,Aluminum,7616 99 10,Al cast articles,420.3047499999999,2.032,30,1.506,14.0,87015.61
2033,Aluminum,7616 99 90,Other Al articles,3187.70475,2.730,30,1.485,14.0,906957.42
2033,Cement,2507 00 80,Calcined clay,11525.35875,0.310,30,0.666,14.0,304017.88
2033,Cement,2523 10 00,White clinker,48.582750000000004,1.370,30,0.859,14.0,6870.73
2033,Cement,2523 10 00,Grey clinker,48.582750000000004,1.190,30,0.666,14.0,6014.43
2033,Cement,2523 21 00,White Portland cement,195.86875000000003,1.380,30,0.859,14.0,27917.24
2033,Cement,2523 29 00,Grey Portland cement,184.00725,1.210,30,0.666,14.0,23187.05
2033,Cement,2523 90 00,White hydraulic cements,568.8325,1.450,30,0.847,14.0,85565.31
2033,Cement,2523 90 00,Grey hydraulic cements,568.8325,1.160,30,0.666,14.0,68530.91
2033,Cement,2523 30 00,Aluminous cement,65.11725,1.940,30,0.717,14.0,13428.31
2033,Fertilizers,2808 00 00,Nitric acid,119.24974999999999,1.900,1,0.582,14.0,18659.88
2033,Fertilizers,2814 10 00,Anhydrous ammonia,193703.11200000002,3.410,1,1.522,14.0,53294468.58
2033,Fertilizers,2814 20 00,Ammonia in aqueous solution,1794.0124999999998,1.020,1,0.457,14.0,147581.16
2033,Fertilizers,2834 21 00,Nitrate of potassium,38.7455,1.910,1,0.626,14.0,6075.46
2033,Fertilizers,3102 10 12,"Urea aq. sol. >45%N, 31.8–33.2%",0.0055,0.760,1,0.304,14.0,0.34
2033,Fertilizers,3102 10 15,"Urea aq. sol. >45%N, 33.2–55%",0.0075,1.240,1,0.503,14.0,0.75
2033,Fertilizers,3102 10 19,Urea >45%N solid,1.387,2.290,1,0.902,14.0,258.28
2033,Fertilizers,3102 10 90,Urea ≤45%N,5284.0535,2.240,1,0.882,14.0,962276.45
2033,Fertilizers,3102 21 00,Ammonium sulphate,178.52325,1.030,1,0.414,14.0,14929.43
2033,Fertilizers,3102 29 00,Double salts: ammonium sulphate/nitrate,21.7695,1.530,1,0.566,14.0,2717.26
2033,Fertilizers,3102 30 10,Ammonium nitrate aqueous,6.985,1.470,1,0.508,14.0,841.00
2033,Fertilizers,3102 30 90,Ammonium nitrate solid,46674.957749999994,2.270,1,0.767,14.0,8687162.05
2033,Fertilizers,3102 40 10,AN+CaCO₃ ≤28%N,0.0075,1.980,1,0.688,14.0,1.22
2033,Fertilizers,3102 40 90,AN+CaCO₃ >28%N,0.024,1.980,1,0.688,14.0,3.89
2033,Fertilizers,3102 50 00,Sodium nitrate,27.25125000000001,2.970,1,0.693,14.0,6736.74
2033,Fertilizers,3102 60 00,Calcium nitrate/ammonium nitrate mix,4.4335,1.910,1,0.633,14.0,694.82
2033,Fertilizers,3102 80 00,UAN solution,652473.0460000001,1.740,1,0.625,14.0,92761621.60
2033,Fertilizers,3102 90 00,Other N-fertilizers,910.9499999999999,2.020,1,0.847,14.0,149051.44
2033,Fertilizers,3105 10 00,NPK packaged ≤10kg,698.42725,0.960,1,0.376,14.0,54560.75
2033,Fertilizers,3105 20 10,NPK >10%N,1674.0005,1.060,1,0.434,14.0,144012.26
2033,Fertilizers,3105 20 90,NPK ≤10%N,1615.7705000000003,0.740,1,0.319,14.0,96637.66
2033,Fertilizers,3105 30 00,DAP,2768.0637500000007,0.820,1,0.339,14.0,183988.46
2033,Fertilizers,3105 40 00,MAP,14691.4455,0.530,1,0.173,14.0,639024.85
2033,Fertilizers,3105 51 00,NP nitrates+phosphates,1.8867499999999997,1.420,1,0.548,14.0,218.07
2033,Fertilizers,3105 59 00,NP other,389.58725,1.010,1,0.391,14.0,32023.47
2033,Fertilizers,3105 90 20,NK >10%N,409.50050000000005,1.340,1,0.476,14.0,44857.63
2033,Fertilizers,3105 90 80,NK ≤10%N,901.2985000000001,0.710,1,0.248,14.0,52366.15
2033,Hydrogen,2804 10 00,Hydrogen,197.9055,26.640,30,5.089,14.0,571645.98
2034,Iron & Steel,2601 12 00,Agglomerated iron ores,1954006.2254999997,0.680,30,0.086,0.0,147094874.93
2034,Iron & Steel,7201,Pig iron,6.3957500000000005,1.210,30,1.210,0.0,856.72
2034,Iron & Steel,7202 11,Ferro-manganese >2%C,5.178000000000001,1.690,30,1.319,0.0,968.75
2034,Iron & Steel,7202 41,Ferro-chromium >4%C,4.307,2.350,30,1.124,0.0,1120.48
2034,Iron & Steel,7202 60 00,Ferro-nickel,3.7712499999999993,3.480,30,2.343,0.0,1452.87
2034,Iron & Steel,7203,DRI products,443494.4885,0.450,30,0.397,0.0,22093444.30
2034,Iron & Steel,7205,Granules/powders pig iron,8201.580750000001,2.425,30,1.288,0.0,2201421.01
2034,Iron & Steel,7206 10 00,Steel ingots,183.64,1.330,30,1.288,0.0,27038.44
2034,Iron & Steel,7208,HR flat-rolled ≥600mm,1303.7140000000002,1.400,30,1.370,0.0,202056.60
2034,Iron & Steel,7209,CR flat-rolled ≥600mm,198.03775000000002,1.440,30,1.458,0.0,31569.90
2034,Iron & Steel,7210,Flat-rolled ≥600mm coated,5473.173250000001,1.440,30,1.491,0.0,872497.87
2034,Iron & Steel,7211 13 00,Wide flats 150–600mm,0.6332499999999999,1.400,30,1.370,0.0,98.14
2034,Iron & Steel,7212,Flat-rolled <600mm coated,6335.3305,1.440,30,1.491,0.0,1009937.40
2034,Iron & Steel,7213,Bars and rods HR in coils,155.46649999999997,1.390,30,1.364,0.0,23922.93
2034,Iron & Steel,7214 20 00,Rebars,5.127249999999999,1.390,30,1.364,0.0,788.97
2034,Iron & Steel,7215,"Bars and rods, cold-formed",503.99399999999997,1.390,30,1.364,0.0,77553.76
2034,Iron & Steel,7216,"Angles, shapes and sections",489.9894999999999,1.390,30,1.364,0.0,75398.77
2034,Iron & Steel,7217 10,"Wire, uncoated",1160.2169999999999,1.390,30,1.364,0.0,178532.26
2034,Iron & Steel,7217 20,"Wire, zinc-coated",417.394,1.390,30,1.397,0.0,64227.89
2034,Iron & Steel,7218 10 00,SS ingots,3178.08825,3.110,30,1.400,0.0,1094180.64
2034,Iron & Steel,7219 11 00,SS flat-rolled ≥600mm HR,6.60825,3.220,30,1.170,0.0,2355.62
2034,Iron & Steel,7219 31 00,SS flat-rolled ≥600mm CR,41.71575,3.270,30,1.250,0.0,15101.17
2034,Iron & Steel,7221,SS bars/rods HR in coils,384.28675000000004,3.270,30,1.206,0.0,139112.40
2034,Iron & Steel,7223 00,SS wire in coils,851.36525,3.270,30,1.206,0.0,308195.55
2034,Iron & Steel,7224 10,Alloy steel ingots,370.6405,3.490,30,1.724,0.0,143199.33
2034,Iron & Steel,7225 11 00,Si-elec. steel GO ≥600mm,3233.8505,4.730,30,1.779,0.0,1693338.43
2034,Iron & Steel,7225 30,Alloy steel HR ≥600mm coils,234.37400000000002,3.590,30,1.493,0.0,93146.51
2034,Iron & Steel,7225 50,Alloy steel CR ≥600mm,97.15425,3.640,30,1.586,0.0,39149.47
2034,Iron & Steel,7301,Sheet piling,95.74725000000001,1.440,30,1.458,0.0,15263.41
2034,Iron & Steel,7302,Railway track material,159.76075,2.740,30,1.383,0.0,48459.99
2034,Iron & Steel,7303 00,Cast iron tubes/pipes,0,1.850,30,1.484,0.0,0.00
2034,Iron & Steel,7304 19,Seamless line pipe non-SS,3835.1745,1.974,30,1.383,0.0,838032.99
2034,Iron & Steel,7304 39,Seamless circular tubes HR,2256.72525,1.974,30,1.383,0.0,493122.33
2034,Iron & Steel,7305,Large-diameter welded pipes,229.948,1.440,30,1.458,0.0,36656.82
2034,Iron & Steel,7306 19 00,Welded line pipe non-SS,36.301,1.440,30,1.458,0.0,5786.87
2034,Iron & Steel,7306 30 80,Welded tubes 168–406mm,31.213749999999997,1.440,30,1.491,0.0,4975.89
2034,Iron & Steel,7307 21 00,SS flanges,152.698,2.800,30,1.154,0.0,47331.91
2034,Iron & Steel,7307 91 00,Flanges non-SS,162.20775,1.410,30,1.383,0.0,25319.40
2034,Iron & Steel,7308,Steel structures,5421.941,2.900,30,1.491,0.0,1740666.10
2034,Iron & Steel,7309,Steel tanks >300L,1812.3339999999998,3.190,30,1.491,0.0,640017.14
2034,Iron & Steel,7310,Steel tanks ≤300L,6620.365500000002,1.440,30,1.491,0.0,1055375.83
2034,Iron & Steel,7311 00,Steel containers compressed gas,3431.1755,3.730,30,1.364,0.0,1416819.25
2034,Iron & Steel,7318 15,Threaded screws and bolts,7298.0297500000015,2.580,30,1.364,0.0,2084433.39
2034,Iron & Steel,7318 16,Nuts,1934.6097499999998,3.030,30,1.364,0.0,648931.25
2034,Iron & Steel,7318 22 00,Washers,810.3247499999999,1.830,30,1.364,0.0,164162.09
2034,Iron & Steel,7318 23 00,Rivets,196.12474999999995,1.680,30,1.364,0.0,36475.76
2034,Iron & Steel,7326 90 98,Articles of iron/steel NES,17102.464999999997,1.440,30,1.491,0.0,2726364.31
2034,Aluminum,7601,Unwrought aluminium,10562.752000000002,1.700,30,1.423,0.0,1987873.25
2034,Aluminum,7603,Al powders and flakes,635.62675,2.032,30,1.506,0.0,143006.02
2034,Aluminum,7604 10 10,Al bars and rods,29.688000000000002,2.258,30,1.485,0.0,7420.08
2034,Aluminum,7604 10 90,Al profiles,57.97825,2.278,30,1.493,0.0,14624.11
2034,Aluminum,7604 21 00,Al hollow profiles,218.28675,2.278,30,1.493,0.0,55059.44
2034,Aluminum,7604 29 10,Al bars and rods (other),2164.6532499999994,2.258,30,1.485,0.0,541023.06
2034,Aluminum,7604 29 90,Al profiles (other),1259.35275,2.278,30,1.493,0.0,317652.14
2034,Aluminum,7605,Aluminum wire,3399.9722500000003,2.258,30,1.485,0.0,849772.77
2034,Aluminum,7606,"Al plates, sheets, strip >0.2mm",23225.381249999995,2.730,30,1.485,0.0,7019209.17
2034,Aluminum,7607,Aluminum foil ≤0.2mm,2179.44875,2.730,30,1.599,0.0,658676.23
2034,Aluminum,7608,Aluminum tubes and pipes,596.9262500000001,2.278,30,1.493,0.0,150565.36
2034,Aluminum,7609 00 00,Al tube/pipe fittings,264.3915,2.278,30,1.493,0.0,66688.64
2034,Aluminum,7610 10 00,"Al doors, windows, frames",243.5665,2.278,30,1.493,0.0,61435.86
2034,Aluminum,7611 00 00,Al reservoirs/tanks >300L,90.79575000000001,2.730,30,1.594,0.0,27440.43
2034,Aluminum,7612,"Al casks, drums, cans ≤300L",1493.321,2.730,30,1.594,0.0,451313.69
2034,Aluminum,7613 00 00,Al containers compressed gas,365.25925,2.730,30,1.594,0.0,110389.19
2034,Aluminum,7614,"Al stranded wire, cables",328.45675,2.258,30,1.485,0.0,82092.91
2034,Aluminum,7616 10 00,"Al nails, screws, nuts",330.82525000000004,2.730,30,1.485,0.0,99982.50
2034,Aluminum,7616 91 00,"Al cloth, grill, netting",117.23275000000001,2.730,30,1.485,0.0,35430.26
2034,Aluminum,7616 99 10,Al cast articles,420.3047499999999,2.032,30,1.506,0.0,94561.96
2034,Aluminum,7616 99 90,Other Al articles,3187.70475,2.730,30,1.485,0.0,963392.86
2034,Cement,2507 00 80,Calcined clay,11525.35875,0.310,30,0.666,0.0,395529.46
2034,Cement,2523 10 00,White clinker,48.582750000000004,1.370,30,0.859,0.0,7368.27
2034,Cement,2523 10 00,Grey clinker,48.582750000000004,1.190,30,0.666,0.0,6400.17
2034,Cement,2523 21 00,White Portland cement,195.86875000000003,1.380,30,0.859,0.0,29923.12
2034,Cement,2523 29 00,Grey Portland cement,184.00725,1.210,30,0.666,0.0,24648.07
2034,Cement,2523 90 00,White hydraulic cements,568.8325,1.450,30,0.847,0.0,91309.32
2034,Cement,2523 90 00,Grey hydraulic cements,568.8325,1.160,30,0.666,0.0,73047.45
2034,Cement,2523 30 00,Aluminous cement,65.11725,1.940,30,0.717,0.0,13984.94
2034,Fertilizers,2808 00 00,Nitric acid,119.24974999999999,1.900,1,0.582,0.0,19487.31
2034,Fertilizers,2814 10 00,Anhydrous ammonia,193703.11200000002,3.410,1,1.522,0.0,56809252.41
2034,Fertilizers,2814 20 00,Ammonia in aqueous solution,1794.0124999999998,1.020,1,0.457,0.0,157355.53
2034,Fertilizers,2834 21 00,Nitrate of potassium,38.7455,1.910,1,0.626,0.0,6364.63
2034,Fertilizers,3102 10 12,"Urea aq. sol. >45%N, 31.8–33.2%",0.0055,0.760,1,0.304,0.0,0.36
2034,Fertilizers,3102 10 15,"Urea aq. sol. >45%N, 33.2–55%",0.0075,1.240,1,0.503,0.0,0.80
2034,Fertilizers,3102 10 19,Urea >45%N solid,1.387,2.290,1,0.902,0.0,273.19
2034,Fertilizers,3102 10 90,Urea ≤45%N,5284.0535,2.240,1,0.882,0.0,1017839.12
2034,Fertilizers,3102 21 00,Ammonium sulphate,178.52325,1.030,1,0.414,0.0,15810.57
2034,Fertilizers,3102 29 00,Double salts: ammonium sulphate/nitrate,21.7695,1.530,1,0.566,0.0,2864.15
2034,Fertilizers,3102 30 10,Ammonium nitrate aqueous,6.985,1.470,1,0.508,0.0,883.31
2034,Fertilizers,3102 30 90,Ammonium nitrate solid,46674.957749999994,2.270,1,0.767,0.0,9113964.27
2034,Fertilizers,3102 40 10,AN+CaCO₃ ≤28%N,0.0075,1.980,1,0.688,0.0,1.28
2034,Fertilizers,3102 40 90,AN+CaCO₃ >28%N,0.024,1.980,1,0.688,0.0,4.09
2034,Fertilizers,3102 50 00,Sodium nitrate,27.25125000000001,2.970,1,0.693,0.0,6961.89
2034,Fertilizers,3102 60 00,Calcium nitrate/ammonium nitrate mix,4.4335,1.910,1,0.633,0.0,728.28
2034,Fertilizers,3102 80 00,UAN solution,652473.0460000001,1.740,1,0.625,0.0,97623341.81
2034,Fertilizers,3102 90 00,Other N-fertilizers,910.9499999999999,2.020,1,0.847,0.0,158250.12
2034,Fertilizers,3105 10 00,NPK packaged ≤10kg,698.42725,0.960,1,0.376,0.0,57691.55
2034,Fertilizers,3105 20 10,NPK >10%N,1674.0005,1.060,1,0.434,0.0,152673.76
2034,Fertilizers,3105 20 90,NPK ≤10%N,1615.7705000000003,0.740,1,0.319,0.0,102782.60
2034,Fertilizers,3105 30 00,DAP,2768.0637500000007,0.820,1,0.339,0.0,195175.71
2034,Fertilizers,3105 40 00,MAP,14691.4455,0.530,1,0.173,0.0,669325.92
2034,Fertilizers,3105 51 00,NP nitrates+phosphates,1.8867499999999997,1.420,1,0.548,0.0,230.40
2034,Fertilizers,3105 59 00,NP other,389.58725,1.010,1,0.391,0.0,33839.52
2034,Fertilizers,3105 90 20,NK >10%N,409.50050000000005,1.340,1,0.476,0.0,47181.48
2034,Fertilizers,3105 90 80,NK ≤10%N,901.2985000000001,0.710,1,0.248,0.0,55030.97
2034,Hydrogen,2804 10 00,Hydrogen,197.9055,26.640,30,5.089,0.0,583653.06
2035,Iron & Steel,2601 12 00,Agglomerated iron ores,1954006.2254999997,0.680,30,0.086,0.0,147094874.93
2035,Iron & Steel,7201,Pig iron,6.3957500000000005,1.210,30,1.210,0.0,856.72
2035,Iron & Steel,7202 11,Ferro-manganese >2%C,5.178000000000001,1.690,30,1.319,0.0,968.75
2035,Iron & Steel,7202 41,Ferro-chromium >4%C,4.307,2.350,30,1.124,0.0,1120.48
2035,Iron & Steel,7202 60 00,Ferro-nickel,3.7712499999999993,3.480,30,2.343,0.0,1452.87
2035,Iron & Steel,7203,DRI products,443494.4885,0.450,30,0.397,0.0,22093444.30
2035,Iron & Steel,7205,Granules/powders pig iron,8201.580750000001,2.425,30,1.288,0.0,2201421.01
2035,Iron & Steel,7206 10 00,Steel ingots,183.64,1.330,30,1.288,0.0,27038.44
2035,Iron & Steel,7208,HR flat-rolled ≥600mm,1303.7140000000002,1.400,30,1.370,0.0,202056.60
2035,Iron & Steel,7209,CR flat-rolled ≥600mm,198.03775000000002,1.440,30,1.458,0.0,31569.90
2035,Iron & Steel,7210,Flat-rolled ≥600mm coated,5473.173250000001,1.440,30,1.491,0.0,872497.87
2035,Iron & Steel,7211 13 00,Wide flats 150–600mm,0.6332499999999999,1.400,30,1.370,0.0,98.14
2035,Iron & Steel,7212,Flat-rolled <600mm coated,6335.3305,1.440,30,1.491,0.0,1009937.40
2035,Iron & Steel,7213,Bars and rods HR in coils,155.46649999999997,1.390,30,1.364,0.0,23922.93
2035,Iron & Steel,7214 20 00,Rebars,5.127249999999999,1.390,30,1.364,0.0,788.97
2035,Iron & Steel,7215,"Bars and rods, cold-formed",503.99399999999997,1.390,30,1.364,0.0,77553.76
2035,Iron & Steel,7216,"Angles, shapes and sections",489.9894999999999,1.390,30,1.364,0.0,75398.77
2035,Iron & Steel,7217 10,"Wire, uncoated",1160.2169999999999,1.390,30,1.364,0.0,178532.26
2035,Iron & Steel,7217 20,"Wire, zinc-coated",417.394,1.390,30,1.397,0.0,64227.89
2035,Iron & Steel,7218 10 00,SS ingots,3178.08825,3.110,30,1.400,0.0,1094180.64
2035,Iron & Steel,7219 11 00,SS flat-rolled ≥600mm HR,6.60825,3.220,30,1.170,0.0,2355.62
2035,Iron & Steel,7219 31 00,SS flat-rolled ≥600mm CR,41.71575,3.270,30,1.250,0.0,15101.17
2035,Iron & Steel,7221,SS bars/rods HR in coils,384.28675000000004,3.270,30,1.206,0.0,139112.40
2035,Iron & Steel,7223 00,SS wire in coils,851.36525,3.270,30,1.206,0.0,308195.55
2035,Iron & Steel,7224 10,Alloy steel ingots,370.6405,3.490,30,1.724,0.0,143199.33
2035,Iron & Steel,7225 11 00,Si-elec. steel GO ≥600mm,3233.8505,4.730,30,1.779,0.0,1693338.43
2035,Iron & Steel,7225 30,Alloy steel HR ≥600mm coils,234.37400000000002,3.590,30,1.493,0.0,93146.51
2035,Iron & Steel,7225 50,Alloy steel CR ≥600mm,97.15425,3.640,30,1.586,0.0,39149.47
2035,Iron & Steel,7301,Sheet piling,95.74725000000001,1.440,30,1.458,0.0,15263.41
2035,Iron & Steel,7302,Railway track material,159.76075,2.740,30,1.383,0.0,48459.99
2035,Iron & Steel,7303 00,Cast iron tubes/pipes,0,1.850,30,1.484,0.0,0.00
2035,Iron & Steel,7304 19,Seamless line pipe non-SS,3835.1745,1.974,30,1.383,0.0,838032.99
2035,Iron & Steel,7304 39,Seamless circular tubes HR,2256.72525,1.974,30,1.383,0.0,493122.33
2035,Iron & Steel,7305,Large-diameter welded pipes,229.948,1.440,30,1.458,0.0,36656.82
2035,Iron & Steel,7306 19 00,Welded line pipe non-SS,36.301,1.440,30,1.458,0.0,5786.87
2035,Iron & Steel,7306 30 80,Welded tubes 168–406mm,31.213749999999997,1.440,30,1.491,0.0,4975.89
2035,Iron & Steel,7307 21 00,SS flanges,152.698,2.800,30,1.154,0.0,47331.91
2035,Iron & Steel,7307 91 00,Flanges non-SS,162.20775,1.410,30,1.383,0.0,25319.40
2035,Iron & Steel,7308,Steel structures,5421.941,2.900,30,1.491,0.0,1740666.10
2035,Iron & Steel,7309,Steel tanks >300L,1812.3339999999998,3.190,30,1.491,0.0,640017.14
2035,Iron & Steel,7310,Steel tanks ≤300L,6620.365500000002,1.440,30,1.491,0.0,1055375.83
2035,Iron & Steel,7311 00,Steel containers compressed gas,3431.1755,3.730,30,1.364,0.0,1416819.25
2035,Iron & Steel,7318 15,Threaded screws and bolts,7298.0297500000015,2.580,30,1.364,0.0,2084433.39
2035,Iron & Steel,7318 16,Nuts,1934.6097499999998,3.030,30,1.364,0.0,648931.25
2035,Iron & Steel,7318 22 00,Washers,810.3247499999999,1.830,30,1.364,0.0,164162.09
2035,Iron & Steel,7318 23 00,Rivets,196.12474999999995,1.680,30,1.364,0.0,36475.76
2035,Iron & Steel,7326 90 98,Articles of iron/steel NES,17102.464999999997,1.440,30,1.491,0.0,2726364.31
2035,Aluminum,7601,Unwrought aluminium,10562.752000000002,1.700,30,1.423,0.0,1987873.25
2035,Aluminum,7603,Al powders and flakes,635.62675,2.032,30,1.506,0.0,143006.02
2035,Aluminum,7604 10 10,Al bars and rods,29.688000000000002,2.258,30,1.485,0.0,7420.08
2035,Aluminum,7604 10 90,Al profiles,57.97825,2.278,30,1.493,0.0,14624.11
2035,Aluminum,7604 21 00,Al hollow profiles,218.28675,2.278,30,1.493,0.0,55059.44
2035,Aluminum,7604 29 10,Al bars and rods (other),2164.6532499999994,2.258,30,1.485,0.0,541023.06
2035,Aluminum,7604 29 90,Al profiles (other),1259.35275,2.278,30,1.493,0.0,317652.14
2035,Aluminum,7605,Aluminum wire,3399.9722500000003,2.258,30,1.485,0.0,849772.77
2035,Aluminum,7606,"Al plates, sheets, strip >0.2mm",23225.381249999995,2.730,30,1.485,0.0,7019209.17
2035,Aluminum,7607,Aluminum foil ≤0.2mm,2179.44875,2.730,30,1.599,0.0,658676.23
2035,Aluminum,7608,Aluminum tubes and pipes,596.9262500000001,2.278,30,1.493,0.0,150565.36
2035,Aluminum,7609 00 00,Al tube/pipe fittings,264.3915,2.278,30,1.493,0.0,66688.64
2035,Aluminum,7610 10 00,"Al doors, windows, frames",243.5665,2.278,30,1.493,0.0,61435.86
2035,Aluminum,7611 00 00,Al reservoirs/tanks >300L,90.79575000000001,2.730,30,1.594,0.0,27440.43
2035,Aluminum,7612,"Al casks, drums, cans ≤300L",1493.321,2.730,30,1.594,0.0,451313.69
2035,Aluminum,7613 00 00,Al containers compressed gas,365.25925,2.730,30,1.594,0.0,110389.19
2035,Aluminum,7614,"Al stranded wire, cables",328.45675,2.258,30,1.485,0.0,82092.91
2035,Aluminum,7616 10 00,"Al nails, screws, nuts",330.82525000000004,2.730,30,1.485,0.0,99982.50
2035,Aluminum,7616 91 00,"Al cloth, grill, netting",117.23275000000001,2.730,30,1.485,0.0,35430.26
2035,Aluminum,7616 99 10,Al cast articles,420.3047499999999,2.032,30,1.506,0.0,94561.96
2035,Aluminum,7616 99 90,Other Al articles,3187.70475,2.730,30,1.485,0.0,963392.86
2035,Cement,2507 00 80,Calcined clay,11525.35875,0.310,30,0.666,0.0,395529.46
2035,Cement,2523 10 00,White clinker,48.582750000000004,1.370,30,0.859,0.0,7368.27
2035,Cement,2523 10 00,Grey clinker,48.582750000000004,1.190,30,0.666,0.0,6400.17
2035,Cement,2523 21 00,White Portland cement,195.86875000000003,1.380,30,0.859,0.0,29923.12
2035,Cement,2523 29 00,Grey Portland cement,184.00725,1.210,30,0.666,0.0,24648.07
2035,Cement,2523 90 00,White hydraulic cements,568.8325,1.450,30,0.847,0.0,91309.32
2035,Cement,2523 90 00,Grey hydraulic cements,568.8325,1.160,30,0.666,0.0,73047.45
2035,Cement,2523 30 00,Aluminous cement,65.11725,1.940,30,0.717,0.0,13984.94
2035,Fertilizers,2808 00 00,Nitric acid,119.24974999999999,1.900,1,0.582,0.0,19487.31
2035,Fertilizers,2814 10 00,Anhydrous ammonia,193703.11200000002,3.410,1,1.522,0.0,56809252.41
2035,Fertilizers,2814 20 00,Ammonia in aqueous solution,1794.0124999999998,1.020,1,0.457,0.0,157355.53
2035,Fertilizers,2834 21 00,Nitrate of potassium,38.7455,1.910,1,0.626,0.0,6364.63
2035,Fertilizers,3102 10 12,"Urea aq. sol. >45%N, 31.8–33.2%",0.0055,0.760,1,0.304,0.0,0.36
2035,Fertilizers,3102 10 15,"Urea aq. sol. >45%N, 33.2–55%",0.0075,1.240,1,0.503,0.0,0.80
2035,Fertilizers,3102 10 19,Urea >45%N solid,1.387,2.290,1,0.902,0.0,273.19
2035,Fertilizers,3102 10 90,Urea ≤45%N,5284.0535,2.240,1,0.882,0.0,1017839.12
2035,Fertilizers,3102 21 00,Ammonium sulphate,178.52325,1.030,1,0.414,0.0,15810.57
2035,Fertilizers,3102 29 00,Double salts: ammonium sulphate/nitrate,21.7695,1.530,1,0.566,0.0,2864.15
2035,Fertilizers,3102 30 10,Ammonium nitrate aqueous,6.985,1.470,1,0.508,0.0,883.31
2035,Fertilizers,3102 30 90,Ammonium nitrate solid,46674.957749999994,2.270,1,0.767,0.0,9113964.27
2035,Fertilizers,3102 40 10,AN+CaCO₃ ≤28%N,0.0075,1.980,1,0.688,0.0,1.28
2035,Fertilizers,3102 40 90,AN+CaCO₃ >28%N,0.024,1.980,1,0.688,0.0,4.09
2035,Fertilizers,3102 50 00,Sodium nitrate,27.25125000000001,2.970,1,0.693,0.0,6961.89
2035,Fertilizers,3102 60 00,Calcium nitrate/ammonium nitrate mix,4.4335,1.910,1,0.633,0.0,728.28
2035,Fertilizers,3102 80 00,UAN solution,652473.0460000001,1.740,1,0.625,0.0,97623341.81
2035,Fertilizers,3102 90 00,Other N-fertilizers,910.9499999999999,2.020,1,0.847,0.0,158250.12
2035,Fertilizers,3105 10 00,NPK packaged ≤10kg,698.42725,0.960,1,0.376,0.0,57691.55
2035,Fertilizers,3105 20 10,NPK >10%N,1674.0005,1.060,1,0.434,0.0,152673.76
2035,Fertilizers,3105 20 90,NPK ≤10%N,1615.7705000000003,0.740,1,0.319,0.0,102782.60
2035,Fertilizers,3105 30 00,DAP,2768.0637500000007,0.820,1,0.339,0.0,195175.71
2035,Fertilizers,3105 40 00,MAP,14691.4455,0.530,1,0.173,0.0,669325.92
2035,Fertilizers,3105 51 00,NP nitrates+phosphates,1.8867499999999997,1.420,1,0.548,0.0,230.40
2035,Fertilizers,3105 59 00,NP other,389.58725,1.010,1,0.391,0.0,33839.52
2035,Fertilizers,3105 90 20,NK >10%N,409.50050000000005,1.340,1,0.476,0.0,47181.48
2035,Fertilizers,3105 90 80,NK ≤10%N,901.2985000000001,0.710,1,0.248,0.0,55030.97
2035,Hydrogen,2804 10 00,Hydrogen,197.9055,26.640,30,5.089,0.0,583653.06