cn_code,sector,tonnes_2022-01,eur_2022-01,tonnes_2022-02,eur_2022-02,tonnes_2022-03,eur_2022-03,tonnes_2022-04,eur_2022-04,tonnes_2022-05,eur_2022-05,tonnes_2022-06,eur_2022-06,tonnes_2022-07,eur_2022-07,tonnes_2022-08,eur_2022-08,tonnes_2022-09,eur_2022-09,tonnes_2022-10,eur_2022-10,tonnes_2022-11,eur_2022-11,tonnes_2022-12,eur_2022-12,tonnes_2023-01,eur_2023-01,tonnes_2023-02,eur_2023-02,tonnes_2023-03,eur_2023-03,tonnes_2023-04,eur_2023-04,tonnes_2023-05,eur_2023-05,tonnes_2023-06,eur_2023-06,tonnes_2023-07,eur_2023-07,tonnes_2023-08,eur_2023-08,tonnes_2023-09,eur_2023-09,tonnes_2023-10,eur_2023-10,tonnes_2023-11,eur_2023-11,tonnes_2023-12,eur_2023-12,tonnes_2024-01,eur_2024-01,tonnes_2024-02,eur_2024-02,tonnes_2024-03,eur_2024-03,tonnes_2024-04,eur_2024-04,tonnes_2024-05,eur_2024-05,tonnes_2024-06,eur_2024-06,tonnes_2024-07,eur_2024-07,tonnes_2024-08,eur_2024-08,tonnes_2024-09,eur_2024-09,tonnes_2024-10,eur_2024-10,tonnes_2024-11,eur_2024-11,tonnes_2024-12,eur_2024-12,tonnes_2025-01,eur_2025-01,tonnes_2025-02,eur_2025-02,tonnes_2025-03,eur_2025-03,tonnes_2025-04,eur_2025-04,tonnes_2025-05,eur_2025-05,tonnes_2025-06,eur_2025-06,tonnes_2025-07,eur_2025-07,tonnes_2025-08,eur_2025-08,tonnes_2025-09,eur_2025-09,tonnes_2025-10,eur_2025-10,tonnes_2025-11,eur_2025-11,tonnes_2025-12,eur_2025-12
25070080,Cement,504.451,291351.0,2672.005,587253.0,1284.535,725326.0,731.767,380020.0,3990.853,1469102.0,762.8489999999999,520253.0,503.488,305239.0,694.355,440193.0,1401.0700000000002,937515.0,4045.887,1519337.0,1230.942,874866.0,2855.95,956762.0,1308.643,770646.0,748.171,397691.0,457.765,277704.0,2899.8540000000003,801021.0,740.414,497946.0,2934.377,915543.0,936.8030000000001,575028.0,452.284,267814.0,931.826,612129.0,461.37700000000007,303331.0,946.143,533937.0,3044.326,900957.0,489.945,332624.0,706.2729999999999,409869.0,755.9739999999999,468562.0,585.097,435361.0,663.674,434215.0,612.049,409324.0,544.592,383092.0,323.469,212144.0,660.25,510184.0,550.324,386808.0,205.481,162409.0,390.113,265636.0,358.923,246050.0,214.712,154882.0,252.01399999999998,164447.0,205.125,149466.0,253.282,145578.0,600.52,407039.0,178.29500000000002,140785.0,223.461,197883.0,272.909,171315.0,198.538,93878.0,176.429,210840.0,139.851,88842.0
25231000,Cement,0.0,0.0,0.0,0.0,5.9079999999999995,18692.0,0.0,65.0,0.0,0.0,0.039,454.0,0.0,0.0,0.071,156.0,22.602,24640.0,0.0,0.0,0.08199999999999999,862.0,0.0,0.0,56.069,20886.0,0.55,9.0,0.0,0.0,0.0,0.0,0.0,0.0,0.0,0.0,0.0,0.0,0.8949999999999999,2997.0,0.0,0.0,0.0,0.0,0.0,0.0,0.0,0.0,0.0,0.0,0.0,0.0,2.4,971.0,0.0,0.0,0.0,0.0,0.0,0.0,1.0,5594.0,0.0,0.0,0.2,99.0,0.001,510.0,0.93,5055.0,0.909,3368.0,0.11000000000000001,114.0,0.0,0.0,0.0,0.0,4.306,1464.0,0.835,316.0,7.353,2795.0,0.254,154.0,0.377,92.0,1.7429999999999999,5009.0,2.601,729.0,2.831,1104.0,82.265,32938.0
25232100,Cement,38.301,19988.0,36.545,43204.0,20.387,12026.0,80.321,47432.0,17.142,18336.0,52.852999999999994,56614.0,63.962,55146.0,4.926,4661.0,2.003,441.0,4.063000000000001,894.0,0.079,2493.0,17.341,23493.0,0.9259999999999999,299.0,21.883000000000003,20845.0,17.107,18161.0,78.186,52797.0,0.366,3132.0,0.666,624.0,18.330000000000002,17720.0,21.696,19878.0,2.439,979.0,20.727,18766.0,1.7,4252.0,0.187,62.0,0.899,2928.0,64.147,41797.0,26.842000000000002,21406.0,1.216,1455.0,20.849,13851.0,0.737,1924.0,15.379,2625.0,2.37,565.0,19.905,12323.0,3.904,18895.0,0.013000000000000001,285.0,19.855,17654.0,3.899,16224.0,1.122,2661.0,21.797,19065.0,19.814,18145.0,26.192,27139.0,2.216,15783.0,0.256,126.0,4.208,9705.0,5.3100000000000005,24333.0,0.40800000000000003,5497.0,0.001,266.0,0.0,0.0
25232900,Cement,0.53,7107.0,1.0779999999999998,5363.0,3.02,13530.0,1.1380000000000001,10976.0,3.087,4580.0,0.9289999999999999,4445.0,4.111,27478.0,1.238,3220.0,6.673,13591.0,7.042,37054.0,14.515,3965.0,12.226,1743.0,2.325,1664.0,13.901,15273.0,5.808,2292.0,19.847,2184.0,28.635,70458.0,92.111,47782.0,11.567,1273.0,18.857,12322.0,16.897,37946.0,6.815,9882.0,4.058,18948.0,12.712,20732.0,11.757,7597.0,0.2,3313.0,14.308000000000002,1908.0,2.819,15492.0,8.009,14981.0,2.388,783.0,4.714,2219.0,3.8840000000000003,14809.0,7.406000000000001,5132.0,50.473,45694.0,63.496,56207.0,18.633000000000003,8845.0,29.74,19868.0,77.786,44732.0,28.562,16847.0,7.6659999999999995,34189.0,35.571,21630.0,15.916,19998.0,4.409000000000001,582.0,32.549,15629.0,10.891,20328.0,13.838999999999999,10135.0,0.844,265.0,1.049,2305.0
25233000,Cement,0.0,0.0,0.05500000000000001,4271.0,31.887,20860.0,15.276,13178.0,0.0,0.0,13.269,27346.0,16.611,13279.0,0.0,0.0,31.993000000000002,30175.0,0.0,0.0,14.487,29740.0,13.203,29023.0,0.0,0.0,0.55,1150.0,0.053000000000000005,556.0,0.003,44.0,0.001,154.0,0.0,0.0,0.032,178.0,14.544999999999998,27880.0,0.192,1572.0,5.043,2470.0,0.012,510.0,0.0,0.0,13.102,22595.0,0.020999999999999998,243.0,0.0,0.0,1.4369999999999998,5956.0,0.0,0.0,0.0,0.0,0.0,0.0,14.661000000000001,22142.0,0.0,0.0,1.967,3108.0,0.05600000000000001,380.0,19.051,27518.0,0.0,0.0,14.456,34537.0,16.829,40340.0,0.002,208.0,0.015,112.0,19.186,29635.0,1.86,5315.0,0.0,0.0,0.611,4337.0,0.003,161.0,0.0,0.0,0.0,0.0
25239000,Cement,12.626999999999999,10951.0,0.7070000000000001,2847.0,19.702,45975.0,40.248000000000005,23803.0,172.64100000000002,76513.0,211.016,123907.0,57.629,35365.0,129.68800000000002,91049.0,73.897,63745.0,168.01600000000002,147611.0,94.997,84823.0,67.579,68801.0,0.186,450.0,40.759,42458.0,3.808,6560.0,57.333000000000006,53680.0,49.053,31788.0,22.169,37694.0,2.399,2146.0,28.3,41498.0,43.792,52289.0,38.565,21524.0,3.091,2845.0,55.516999999999996,68130.0,12.413,6829.0,3.5119999999999996,6339.0,29.766000000000002,51536.0,124.59400000000001,99097.0,4.581,7388.0,50.579,41291.0,119.37100000000001,95168.0,143.65,95502.0,3.5450000000000004,9521.0,3.715,9231.0,20.851,32550.0,2.907,7315.0,2.867,5290.0,21.875,43613.0,40.932,21896.0,80.286,36475.0,23.491,23133.0,29.635,38268.0,1.636,2334.0,0.092,52.0,115.316,63481.0,1.4140000000000001,835.0,25.162,47582.0,19.421,32243.0
26011200,Iron & Steel,119026.4,22354577.0,153728.751,20477587.0,128193.89199999999,19606752.0,93649.435,16898302.0,136715.734,25521919.0,253667.957,62155347.0,273879.602,56414528.0,172728.58500000002,34979451.0,120393.23999999999,22313636.0,335876.538,52355146.0,143180.52,23962424.0,131808.063,18291206.0,162536.026,29075963.0,135482.773,23460844.0,303954.83999999997,43832010.0,202816.944,31478619.0,172015.106,24872541.0,174277.98200000002,33677590.0,60319.936,9935039.0,59840.325,9599715.0,256881.46899999998,38340789.0,295810.584,43655402.0,80225.43000000001,12276785.0,143805.184,21624195.0,221847.34,30139570.0,89575.389,14608142.0,214813.57200000001,33713356.0,259372.43399999998,37304960.0,247450.055,33850010.0,291787.549,37588871.0,198165.707,25601683.0,116041.16399999999,15385174.0,352012.528,45535039.0,98829.702,9497417.0,212870.912,22728210.0,0.0,5.0,76201.4,6380172.0,111081.43000000001,11474046.0,44004.764,5670916.0,78717.59,9743715.0,160082.57,24618917.0,135340.062,24157373.0,169905.47,15351721.0,195422.083,17514425.0,68210.304,4994530.0,9.216,1127.0,247264.59,22239718.0,116203.755,11421387.0
28041000,Hydrogen,0.020999999999999998,1851.0,0.0,108.0,0.032,1665.0,0.004,744.0,0.0,0.0,0.061,1056.0,0.006,125.0,0.0,0.0,0.007000000000000001,248.0,0.0,3870.0,0.0,0.0,0.143,2226.0,0.006,842.0,0.0,0.0,2.41,45281.0,0.003,2940.0,0.020999999999999998,5221.0,0.013000000000000001,2259.0,0.026000000000000002,3296.0,0.0,0.0,0.0,0.0,0.001,189.0,0.001,4.0,0.391,4213.0,0.002,311.0,5.195,47201.0,5.194,47866.0,10.392,94333.0,0.009,7495.0,0.0,0.0,2.62,42207.0,2.323,4036.0,0.008,10418.0,0.0,0.0,2.625,26381.0,2.5989999999999998,25871.0,2.598,24395.0,0.002,59.0,5.194,48944.0,5.195,48328.0,0.001,8456.0,0.001,60.0,0.033,388.0,57134.001000000004,3498112.0,5.195,46733.0,0.001,15.0,0.002,132.0,0.001,47.0
28080000,Fertilisers,12.393,51903.0,12.321,53002.0,13.069999999999999,59621.0,12.454,52821.0,12.931999999999999,52456.0,12.747,67773.0,12.171,45909.0,14.530000000000001,73074.0,11.628,52821.0,10.619,56706.0,10.062999999999999,54792.0,6.167,47868.0,5.285,33253.0,6.720000000000001,36311.0,3.725,37421.0,34.279,111085.0,4.985,30057.0,5.559,41217.0,8.611,50828.0,10.208,36829.0,6.834999999999999,28148.0,6.811,33507.0,9.770999999999999,48602.0,7.945,34586.0,6.002000000000001,42211.0,6.0200000000000005,38833.0,6.953,61672.0,10.754000000000001,106161.0,7.089,59123.0,6.63,56060.0,7.906999999999999,70087.0,11.737,79498.0,9.064,54180.0,8.163,72715.0,20.454,103363.0,0.842,49114.0,19.448,119351.0,9.534,59643.0,9.047,59886.0,9.86,76828.0,10.068000000000001,61542.0,12.884,81333.0,9.415000000000001,62336.0,9.068999999999999,79412.0,7.918000000000001,63354.0,8.891,87686.0,9.838,66881.0,7.583,40253.0
28141000,Fertilisers,33.141000000000005,258716.0,21.84,184425.0,10.26,108795.0,6010.2519999999995,6582104.0,0.005,366.0,12548.519,12429480.0,12523.551,12405323.0,18006.479,28421374.0,39697.167,46680887.0,23656.748,27739194.0,23044.491,27849360.0,13012.155,14003726.0,23045.25,22764624.0,14511.423,13281799.0,25147.725,18371714.0,29209.515000000003,16869661.0,47315.074,18511567.0,10.265,112148.0,41328.828,12598731.0,14120.946,3813030.0,10.251000000000001,109214.0,0.26,1603.0,17022.871,9360804.0,6515.245,3625465.0,11.764,117851.0,23393.723,9797828.0,11.459999999999999,95339.0,27460.231,11383644.0,35335.587,14284679.0,6011.582,2600097.0,10554.645,4151606.0,4021.756,2002219.0,21161.715,8355687.0,43.487,6219239.0,22.759999999999998,190085.0,11997.507000000001,7118530.0,22.808,226746.0,26535.565000000002,13382188.0,8450.117,4364961.0,17076.002,7985827.0,25014.339,9446502.0,17234.501,6022916.0,25294.16,7540259.0,57875.85400000001,22908165.0,24826.777,11016497.0,45353.788,21037369.0,3570.0910000000003,1885385.0,16729.968,8997562.0
28142000,Fertilisers,207.79299999999998,319337.0,198.176,299468.0,179.267,275243.0,191.073,288480.0,189.83599999999998,282628.0,209.68400000000003,324223.0,210.539,351824.0,200.051,395777.0,173.577,293079.0,116.881,223628.0,94.485,172177.0,82.011,160117.0,60.408,200751.0,98.714,174541.0,1.09,89209.0,122.763,228465.0,16.089,63775.0,70.635,155177.0,122.756,209042.0,77.38300000000001,187239.0,104.43299999999999,181729.0,112.41099999999999,223907.0,142.816,255629.0,124.069,222518.0,138.941,253025.0,131.547,239625.0,125.487,232615.0,147.473,265523.0,152.51,286765.0,151.788,367286.0,252.964,488389.0,266.932,406840.0,200.945,314664.0,140.131,250510.0,94.07000000000001,187844.0,0.674,19792.0,174.081,365506.0,130.533,250109.0,154.004,259964.0,190.668,335148.0,158.827,254504.0,225.99,364148.0,156.137,357684.0,181.781,300484.0,236.792,406742.0,181.388,309222.0,257.679,504890.0,217.76799999999997,456960.0
28342100,Fertilisers,3.342,9999.0,2.0260000000000002,12926.0,0.708,12216.0,7.949,52263.0,1.904,6841.0,1.426,9384.0,4.9799999999999995,7762.0,11.552,65849.0,1.8039999999999998,11277.0,1.2710000000000001,19994.0,8.839,47231.0,11.802,89081.0,0.466,7756.0,0.44000000000000006,6338.0,1.508,19373.0,10.669,87128.0,0.606,15312.0,1.369,23434.0,10.714,18713.0,1.134,24641.0,1.059,18086.0,7.2780000000000005,82037.0,1.4689999999999999,27193.0,0.9019999999999999,14784.0,11.28,87704.0,0.47000000000000003,16562.0,0.6900000000000001,10384.0,1.452,14781.0,1.002,35990.0,0.359,1340.0,0.47000000000000003,6532.0,0.281,4383.0,0.697,21561.0,0.667,14405.0,0.532,29191.0,1.7399999999999998,13355.0,1.282,8726.0,1.004,32732.0,1.9329999999999998,23703.0,0.175,7254.0,8.439,68303.0,0.523,17263.0,1.737,4273.0,1.223,16704.0,3.2700000000000005,19512.0,17.830000000000002,123434.0,1.158,7458.0,1.551,4477.0
31021012,Fertilisers,0.0,0.0,0.0,0.0,0.0,0.0,0.0,0.0,0.0,0.0,0.0,0.0,0.0,0.0,0.0,0.0,0.0,0.0,0.0,0.0,0.0,0.0,0.0,0.0,0.0,0.0,0.0,0.0,0.0,0.0,0.0,0.0,0.0,0.0,0.0,0.0,0.0,0.0,0.0,0.0,0.0,0.0,0.0,0.0,0.0,0.0,0.0,0.0,0.0,0.0,0.0,0.0,0.0,0.0,0.0,0.0,0.0,0.0,0.0,0.0,0.0,0.0,0.0,0.0,0.0,0.0,0.0,0.0,0.0,0.0,0.0,0.0,0.0,0.0,0.0,0.0,0.0,0.0,0.0,0.0,0.0,0.0,0.0,2.0,0.0,0.0,0.009,352.0,0.009,245.0,0.004,209.0,0.0,0.0,0.0,0.0
31021015,Fertilisers,0.0,0.0,0.0,0.0,0.0,0.0,0.0,0.0,0.0,0.0,0.0,0.0,0.0,0.0,0.0,0.0,0.0,0.0,0.0,0.0,0.0,0.0,0.0,0.0,0.0,0.0,0.0,0.0,0.0,0.0,0.0,0.0,0.0,0.0,0.0,0.0,0.0,0.0,0.0,0.0,0.0,0.0,0.0,0.0,0.0,0.0,0.0,0.0,0.0,0.0,0.0,0.0,0.0,0.0,0.0,0.0,0.0,0.0,0.0,0.0,0.0,0.0,0.0,0.0,0.0,0.0,0.0,0.0,0.0,0.0,0.0,0.0,0.0,0.0,0.0,0.0,0.0,0.0,0.0,0.0,0.0,0.0,0.0,0.0,0.03,1409.0,0.0,0.0,0.0,0.0,0.0,0.0,0.0,0.0,0.0,0.0
31021019,Fertilisers,0.0,0.0,0.0,0.0,0.0,0.0,0.0,0.0,0.0,0.0,0.0,0.0,0.0,0.0,0.0,0.0,0.0,0.0,0.0,0.0,0.0,0.0,0.0,0.0,0.0,0.0,0.0,0.0,0.0,0.0,0.0,0.0,0.0,0.0,0.0,0.0,0.0,0.0,0.0,0.0,0.0,0.0,0.0,0.0,0.0,0.0,0.0,0.0,0.0,0.0,0.0,0.0,0.0,0.0,0.0,0.0,0.0,0.0,0.0,0.0,0.0,0.0,0.0,0.0,0.0,0.0,0.0,0.0,0.0,0.0,0.0,0.0,0.0,2499.0,0.382,8042.0,0.272,1537.0,0.054000000000000006,495.0,0.6,2217.0,0.52,6846.0,0.0,0.0,0.081,7092.0,0.005,304.0,1.685,12638.0,1.9489999999999998,13933.0,0.0,0.0
31021090,Fertilisers,743.563,651496.0,525.265,444766.0,722.949,798383.0,572.539,613467.0,464.90200000000004,567510.0,218.302,270547.0,888.156,1177457.0,735.0029999999999,1012916.0,335.02,425875.0,918.6850000000001,1205695.0,1072.752,1514678.0,725.654,852729.0,180.279,215343.0,135.416,106392.0,844.425,1168653.0,107.497,147482.0,77.606,57385.0,118.06500000000001,112543.0,196.714,152983.0,331.68899999999996,311724.0,604.799,527271.0,2.1149999999999998,4094.0,320.389,316382.0,9.95,32468.0,347.963,243395.0,71.25399999999999,81337.0,249.48600000000002,252093.0,226.39499999999998,272383.0,639.3149999999999,641050.0,94.58200000000001,101869.0,431.27700000000004,414450.0,112.92699999999999,234948.0,127.624,144426.0,173.127,188404.0,288.95799999999997,227830.0,848.055,785174.0,830.32,830978.0,445.18199999999996,607716.0,938.232,909163.0,354.817,437163.0,831.6229999999999,794185.0,558.4300000000001,576070.0,405.764,400385.0,448.60699999999997,404328.0,520.057,661220.0,262.169,314178.0,650.6569999999999,617219.0,427.659,386594.0
31022100,Fertilisers,16.519,48276.0,0.047,282.0,23.323,84589.0,8.344,44624.0,13.213999999999999,246295.0,32.989999999999995,266418.0,8.286,163706.0,4.423,219929.0,1.002,6743.0,1.278,5359.0,7.383,155556.0,7.109,146488.0,10.229000000000001,201724.0,43.485,222701.0,8.631,142283.0,3.164,75618.0,3.84,65593.0,49.61,543162.0,1.194,2040.0,41.25,108995.0,2.961,17210.0,0.183,1696.0,13.765,44440.0,6.035,8803.0,21.345,234029.0,17.69,56548.0,27.77,292291.0,22.546,152265.0,8.884,99529.0,0.8210000000000001,7180.0,35.243,198767.0,5.053,438552.0,13.216,257775.0,25.163999999999998,97879.0,28.248,271959.0,15.243,322832.0,19.506999999999998,136121.0,4.637,77930.0,32.335,399800.0,7.481999999999999,110542.0,6.808,115086.0,21.032,170352.0,4.115,42118.0,29.433,279355.0,28.733999999999998,179574.0,22.732,155513.0,7.63,18913.0,0.16,1879.0
31022900,Fertilisers,0.0,0.0,3.571,6326.0,4.436999999999999,9137.0,1.204,3276.0,0.0,0.0,0.186,1330.0,0.0,0.0,0.0,0.0,0.016,318.0,0.0,0.0,2.494,15510.0,0.0,0.0,2.8649999999999998,7323.0,0.002,10.0,0.0,0.0,0.0,0.0,6.673,22026.0,0.0,0.0,0.0,0.0,0.0,0.0,0.0,0.0,0.0,0.0,0.0,0.0,0.0,0.0,0.0,0.0,16.416999999999998,43979.0,0.0,0.0,10.41,21466.0,0.002,89.0,0.0,0.0,0.0,0.0,0.0,0.0,0.236,5254.0,0.0,0.0,0.001,36.0,0.0,0.0,0.0,0.0,20.93,41125.0,0.01,16.0,17.624000000000002,40346.0,0.0,0.0,0.0,0.0,0.0,0.0,0.0,0.0,0.0,0.0,0.0,0.0,0.0,0.0,0.0,0.0
31023010,Fertilisers,0.0,0.0,0.0,0.0,0.0,12.0,0.0,0.0,0.0,0.0,0.0,0.0,0.1,361.0,0.0,0.0,0.0,0.0,0.0,0.0,0.0,0.0,0.0,0.0,0.0,0.0,0.0,0.0,0.0,0.0,0.0,0.0,0.0,0.0,0.0,0.0,0.0,0.0,0.0,0.0,0.0,0.0,0.0,0.0,0.0,0.0,0.0,0.0,0.0,0.0,0.0,0.0,0.0,0.0,5.4159999999999995,3691.0,0.0,0.0,0.0,0.0,5.696,3882.0,0.0,0.0,3.8310000000000004,2611.0,0.0,0.0,0.0,0.0,3.7,2521.0,0.0,0.0,2.802,1910.0,0.0,0.0,0.001,1.0,0.0,0.0,0.0,0.0,0.0,0.0,0.0,0.0,2.748,1873.0,0.0,0.0,3.646,2485.0,0.0,0.0
31023090,Fertilisers,0.002,4716.0,0.0,0.0,0.0,0.0,0.001,2426.0,0.0,0.0,0.9630000000000001,10007.0,0.013000000000000001,442.0,27201.411,17015885.0,0.002,131.0,0.0,0.0,9885.3,6513134.0,15017.552,9780932.0,0.036,1204.0,5000.0,2294000.0,11559.203,5303362.0,0.0,0.0,0.019,443.0,0.0,0.0,29999.362,6505602.0,0.0,0.0,0.022,444.0,19000.0,5163454.0,28000.029,7641841.0,5000.0,1333265.0,3007.95,800546.0,0.0,0.0,0.0,0.0,0.0,0.0,0.0,0.0,0.0,0.0,0.0,0.0,0.0,0.0,0.02,438.0,0.0,0.0,0.02,607.0,0.0,0.0,0.02,47.0,0.0,0.0,0.02,48.0,0.0,0.0,0.02,648.0,0.0,0.0,0.0,0.0,0.02,627.0,0.0,0.0,33027.826,7533620.0,0.02,640.0,0.0,0.0
31024010,Fertilisers,0.0,0.0,0.0,0.0,0.0,0.0,0.0,0.0,0.03,494.0,0.0,0.0,0.0,0.0,0.0,0.0,0.0,0.0,0.0,0.0,0.0,0.0,0.0,0.0,0.0,0.0,0.0,0.0,0.0,0.0,0.0,0.0,0.0,0.0,0.0,0.0,0.0,0.0,0.0,0.0,0.0,0.0,0.0,0.0,0.0,0.0,0.0,0.0,0.0,0.0,0.0,0.0,0.0,0.0,0.0,0.0,0.0,0.0,0.0,0.0,0.0,0.0,0.0,0.0,0.0,0.0,0.0,0.0,0.0,0.0,0.0,0.0,0.0,0.0,0.0,0.0,0.0,0.0,0.0,0.0,0.0,0.0,0.0,0.0,0.0,0.0,0.0,0.0,0.0,0.0,0.0,0.0,0.0,0.0,0.0,0.0
31024090,Fertilisers,0.0,0.0,0.06999999999999999,421.0,0.0,0.0,0.0,0.0,0.0,0.0,0.0,0.0,0.0,0.0,0.011,1147.0,0.0,0.0,0.003,39.0,0.0,0.0,0.0,0.0,0.0,0.0,0.0,0.0,0.0,34.0,0.0,0.0,0.001,16.0,0.001,1.0,0.001,36.0,0.0,0.0,0.0,0.0,0.0,0.0,0.0,0.0,0.0,0.0,0.0,0.0,0.0,0.0,0.0,0.0,0.0,0.0,0.0,0.0,0.0,0.0,0.0,0.0,0.009,424.0,0.0,0.0,0.0,0.0,0.0,0.0,0.0,0.0,0.0,0.0,0.0,0.0,0.0,0.0,0.0,0.0,0.0,0.0,0.0,0.0,0.0,0.0,0.0,0.0,0.0,0.0,0.0,0.0,0.0,0.0,0.0,0.0
31025000,Fertilisers,2.698,1293.0,2.775,1099.0,1.504,718.0,0.534,253.0,2.966,2387.0,2.674,1270.0,1.672,829.0,0.9199999999999999,1830.0,3.8609999999999998,2012.0,2.268,1406.0,0.16799999999999998,110.0,5.195,4744.0,0.24,1490.0,2.504,1529.0,0.796,651.0,1.333,836.0,2.868,2193.0,1.8010000000000002,1460.0,1.8050000000000002,1233.0,1.9289999999999998,1383.0,1.8800000000000001,1892.0,1.266,875.0,2.9739999999999998,2157.0,1.373,2203.0,2.174,2006.0,1.4220000000000002,3498.0,0.395,299.0,2.484,1812.0,2.134,1723.0,3.661,2730.0,12.667,8232.0,2.381,1756.0,2.412,2288.0,0.9960000000000001,739.0,1.4949999999999999,1412.0,1.165,914.0,1.365,1214.0,1.151,1778.0,2.045,1400.0,3.2,2276.0,3.465,2282.0,0.9119999999999999,579.0,1.423,1256.0,5.938000000000001,22677.0,1.592,979.0,0.644,391.0,4.465999999999999,3059.0,1.4140000000000001,751.0
31026000,Fertilisers,0.0,0.0,0.0,0.0,0.0,0.0,0.0,0.0,0.002,381.0,0.0,0.0,0.0,0.0,0.0,0.0,0.0,0.0,0.0,0.0,0.15,52.0,0.0,0.0,0.0,0.0,0.0,0.0,0.008,105.0,0.012,62.0,0.16699999999999998,1976.0,0.0,0.0,0.0,0.0,0.0,0.0,0.004,20.0,0.0,0.0,0.0,0.0,0.0,0.0,0.195,979.0,0.0,0.0,0.0,0.0,0.0,0.0,0.0,68.0,0.0,0.0,0.0,0.0,0.0,0.0,0.0,0.0,0.0,0.0,0.001,154.0,0.0,0.0,1.589,10339.0,0.0,0.0,6.234,42734.0,0.002,92.0,0.0,0.0,0.121,910.0,0.608,2962.0,0.0,0.0,0.0,0.0,0.038,401.0,8.603,35310.0,0.0,0.0
31028000,Fertilisers,0.0,0.0,0.0,0.0,0.0,0.0,0.0,0.0,3.343,9495.0,36525.759999999995,23843226.0,30031.843,17422192.0,92497.561,50141788.0,231955.96800000002,129078858.0,153948.756,84704605.0,187073.828,105668730.0,121225.503,66177212.0,89611.01,46183187.0,80384.012,42736446.0,86653.18299999999,42980286.0,0.128,428.0,67514.13,19761347.0,0.0,0.0,35651.144,9214188.0,91337.55600000001,20493185.0,82185.005,18162630.0,51273.546,10005485.0,94219.474,18397004.0,85780.986,16527275.0,42791.147,8602888.0,42731.066,8987909.0,10598.641,2353137.0,0.0,0.0,0.0,0.0,0.0,0.0,83893.253,14079968.0,91542.467,16104691.0,11243.211,2025720.0,80128.854,14618720.0,91421.789,18505681.0,47163.226,10069028.0,0.0,28.0,0.0,0.0,53470.352,12022724.0,5014.3330000000005,1127244.0,0.0,0.0,0.002,104.0,44660.984000000004,11475752.0,84420.028,20584785.0,48104.936,10771369.0,125673.925,32618524.0,48894.738,13489179.0,80266.496,22808966.0
31029000,Fertilisers,210.72199999999998,213213.0,42.622,66312.0,97.301,211776.0,41.483,54746.0,79.953,94775.0,87.26,303793.0,64.127,88920.0,16.59,52287.0,7.212000000000001,25357.0,74.566,114785.0,7.1,21380.0,12.176,27178.0,85.62100000000001,144724.0,51.580999999999996,164247.0,42.765,100668.0,19.811,66226.0,26.282999999999998,53340.0,41.531,139404.0,2.166,19325.0,1.057,1805.0,10.885,50035.0,140.861,191790.0,152.678,197618.0,5.572,33742.0,11.76,43488.0,33.260000000000005,79132.0,26.881999999999998,125493.0,4.675,19381.0,40.185,46243.0,104.46400000000001,147650.0,22.481,64518.0,61.2,94117.0,78.116,128091.0,11.902,41476.0,106.624,135399.0,573.3520000000001,628344.0,30.458,65940.0,103.252,162695.0,53.774,166185.0,154.57,249217.0,10.34,49140.0,10.044,25057.0,9.825,24382.0,296.867,343443.0,425.742,431741.0,7.456,52425.0,24.399,59629.0,120.249,152137.0
31051000,Fertilisers,63.48,483636.0,75.67,496959.0,66.02000000000001,390819.0,74.971,466005.0,39.695,228213.0,114.508,808874.0,105.55199999999999,474505.0,24.316,54024.0,61.133,387768.0,78.424,485742.0,31.863,193897.0,10.206999999999999,98658.0,20.32,198863.0,28.098000000000003,192713.0,84.32300000000001,355377.0,102.147,733538.0,87.32300000000001,440587.0,43.053,238431.0,19.977,81310.0,46.308,164195.0,59.379999999999995,505414.0,41.925,163754.0,51.171,199505.0,33.78,179584.0,44.597,238041.0,61.57899999999999,473824.0,67.743,359125.0,35.727999999999994,384694.0,61.072,423459.0,59.523,303701.0,52.227999999999994,224386.0,40.974000000000004,316329.0,49.192,207613.0,36.583,265786.0,24.344,156758.0,19.8,99708.0,56.759,301783.0,70.229,287499.0,143.387,493952.0,185.411,439014.0,107.75999999999999,228150.0,101.00399999999999,379459.0,49.576,344552.0,26.028,142751.0,21.886000000000003,143538.0,26.576999999999998,202657.0,56.419000000000004,400018.0,31.666000000000004,123568.0
31052010,Fertilisers,59.013,74440.0,493.788,746692.0,246.19899999999998,479442.0,133.862,354416.0,377.021,831749.0,122.30799999999999,379682.0,50.464999999999996,110739.0,8.08,27672.0,286.71,589078.0,55.871,108279.0,41.07,97003.0,139.671,267443.0,344.35900000000004,922514.0,208.95999999999998,729280.0,78.524,143829.0,204.012,716553.0,78.884,179457.0,28.75,57769.0,24.2,47267.0,17.165,63423.0,10.876000000000001,49836.0,17.759999999999998,40107.0,9.177,23441.0,62.321000000000005,106834.0,166.509,355810.0,315.456,652902.0,242.26100000000002,408386.0,179.395,305920.0,57.839999999999996,214673.0,83.304,313685.0,61.69500000000001,163613.0,92.954,214084.0,14.077000000000002,41780.0,51.580999999999996,204527.0,84.257,92771.0,306.335,491881.0,196.161,495745.0,193.79000000000002,297898.0,476.99399999999997,935529.0,259.57,455477.0,78.414,227671.0,132.16199999999998,307390.0,39.816,119751.0,51.384,107866.0,43.921,70240.0,84.341,254220.0,2.689,6086.0,382.05,598603.0
31052090,Fertilisers,125.16600000000001,382335.0,185.567,296810.0,357.963,662276.0,123.10999999999999,362306.0,210.334,644314.0,191.122,511133.0,101.324,355393.0,109.18900000000001,409234.0,189.866,639891.0,71.77000000000001,278587.0,108.19800000000001,264018.0,261.163,462132.0,306.217,524907.0,172.71099999999998,661715.0,182.70999999999998,527079.0,192.171,613344.0,63.327999999999996,162881.0,67.40599999999999,172553.0,28.258999999999997,55338.0,16.509999999999998,46389.0,54.214,226969.0,43.269,116432.0,72.925,237974.0,49.229,247871.0,147.02100000000002,438568.0,177.88299999999998,492094.0,181.361,520092.0,203.175,475381.0,131.917,487374.0,94.068,357651.0,96.181,258193.0,68.643,211421.0,91.75800000000001,290123.0,24.705000000000002,159380.0,150.14100000000002,591025.0,157.446,500091.0,116.228,317521.0,208.721,516515.0,112.06099999999999,354509.0,132.33599999999998,497451.0,111.53099999999999,353089.0,86.209,247712.0,58.435,158760.0,28.177,110801.0,64.314,162057.0,102.092,255764.0,324.925,441182.0,310.033,694044.0
31053000,Fertilisers,2199.565,1705376.0,0.0,0.0,0.003,16.0,0.009,1045.0,11.004999999999999,30682.0,0.48,6274.0,0.022,341.0,2.025,5807.0,2199.848,2290889.0,0.001,194.0,0.015,1405.0,0.0,0.0,0.0,0.0,0.0,0.0,0.0,0.0,0.001,111.0,0.001,17.0,2199.188,1502264.0,0.079,395.0,0.033,23.0,0.018,469.0,0.005,401.0,0.907,5428.0,0.45999999999999996,309.0,0.008,388.0,10.126999999999999,34251.0,26.999000000000002,25930.0,2215.463,1469189.0,0.053000000000000005,4212.0,0.0,0.0,0.068,37.0,0.0,108.0,0.0,0.0,0.002,54.0,0.036,184.0,0.0,0.0,0.002,49.0,0.0,0.0,0.022,357.0,1.8780000000000001,31672.0,2200.002,1484729.0,0.08499999999999999,48.0,0.833,476.0,1.8010000000000002,1366.0,0.984,561.0,0.146,1036.0,0.06,36.0,0.020999999999999998,13.0
31054000,Fertilisers,0.303,603.0,0.0,0.0,1.1380000000000001,2183.0,0.002,171.0,313.58299999999997,440807.0,1.334,2905.0,1.6440000000000001,3148.0,0.772,1931.0,0.10400000000000001,808.0,0.017,150.0,0.001,92.0,2.4739999999999998,5140.0,0.0,654.0,0.088,546.0,0.47800000000000004,1122.0,21.183,32331.0,87.675,130945.0,0.0,291.0,1.407,2500.0,1.091,1040.0,7013.0160000000005,2373396.0,0.0,94.0,10800.689999999999,3130136.0,1.139,2335.0,0.001,121.0,0.0,36.0,1031.193,432436.0,819.7,309805.0,1265.925,453808.0,829.588,292992.0,8571.523,2835368.0,1.134,2193.0,0.361,1315.0,0.0,0.0,2.293,7431.0,0.019,146.0,9477.288,3656922.0,0.023,3773.0,826.725,294980.0,680.842,232428.0,41.105000000000004,13396.0,0.127,183.0,0.063,349.0,0.020999999999999998,2948.0,6600.1630000000005,3123602.0,1058.912,407081.0,11.867,8235.0,9298.77,2321895.0
31055100,Fertilisers,0.0,0.0,0.008,18.0,0.0,0.0,0.0,0.0,2.618,10330.0,0.001,38.0,0.0,40.0,0.098,254.0,0.0,0.0,0.0,0.0,0.0,0.0,0.0,0.0,0.08,2632.0,1.954,5018.0,0.0,0.0,0.0,0.0,0.0,0.0,0.0,0.0,0.0,0.0,0.0,0.0,0.0,0.0,0.0,0.0,1.936,9090.0,0.0,0.0,0.0,0.0,0.0,0.0,0.005,111.0,0.0,0.0,0.0,0.0,0.0,0.0,0.001,160.0,0.622,224.0,0.0,0.0,0.0,0.0,0.0,0.0,0.0,0.0,0.182,2397.0,0.0,0.0,0.0,0.0,0.0,0.0,0.0,0.0,0.012,1195.0,0.0,0.0,0.0,0.0,0.002,64.0,0.0,0.0,0.028000000000000004,708.0,0.0,0.0
31055900,Fertilisers,0.006,70.0,0.08299999999999999,873.0,118.255,119446.0,0.8939999999999999,8868.0,145.781,281558.0,2.657,13189.0,118.599,155237.0,0.20299999999999999,248.0,0.051000000000000004,65.0,0.002,731.0,11.706999999999999,86462.0,0.0,0.0,0.001,62.0,0.09,229.0,23.958000000000002,41748.0,71.024,117800.0,0.909,28250.0,236.977,341304.0,100.822,193794.0,0.373,10444.0,0.073,250.0,0.12,4117.0,0.20299999999999999,4534.0,0.0,0.0,0.023,325.0,0.0,0.0,0.0,0.0,7.343000000000001,48333.0,0.074,178.0,0.059,557.0,55.134,75505.0,0.002,38.0,0.298,1520.0,141.06900000000002,152813.0,0.0,0.0,3.443,19824.0,0.001,13.0,0.621,304.0,70.991,86854.0,124.242,176906.0,236.21599999999998,256163.0,70.36,78988.0,0.0,0.0,0.368,202.0,8.464,11465.0,0.013000000000000001,54.0,0.0,0.0,6.840000000000001,32654.0
31059020,Fertilisers,62.335,195345.0,27.208999999999996,256169.0,64.41799999999999,181616.0,18.726,46212.0,22.887999999999998,92577.0,42.583999999999996,93405.0,34.08,314640.0,13.928,26378.0,0.015,691.0,0.039,1716.0,66.03200000000001,352129.0,14.797,32235.0,53.92999999999999,294230.0,75.83099999999999,201520.0,55.080999999999996,278182.0,26.944,147014.0,1.658,8111.0,21.064,197909.0,8.079,206306.0,1.781,8733.0,0.561,5308.0,22.317,205315.0,50.568,280997.0,48.548,169103.0,34.564,107779.0,19.816,183301.0,49.302,300039.0,71.119,303614.0,16.659,85328.0,35.751999999999995,257881.0,30.697000000000003,124150.0,3.728,20646.0,7.7010000000000005,34195.0,22.369999999999997,242076.0,39.797000000000004,197518.0,90.74600000000001,461687.0,48.437,289587.0,42.120999999999995,405149.0,73.623,750642.0,38.577,377123.0,25.469,256027.0,2.2649999999999997,6053.0,38.079,363748.0,20.821,61645.0,1.5310000000000001,23687.0,127.90799999999999,1207653.0,38.255,417330.0,25.252000000000002,105072.0
31059080,Fertilisers,70.386,348674.0,63.385000000000005,327041.0,116.418,361309.0,34.769,125148.0,103.71300000000001,377187.0,106.654,405511.0,1.939,18362.0,13.502,67459.0,36.382999999999996,168795.0,19.305,37291.0,94.684,424254.0,34.934,169671.0,41.884,184317.0,38.532,192010.0,247.209,1009256.0,15.928,37758.0,39.910000000000004,164830.0,53.657000000000004,362755.0,47.763,217417.0,38.917,156223.0,40.766000000000005,147548.0,29.683999999999997,127962.0,6.6930000000000005,38067.0,28.784,140453.0,6.1979999999999995,46707.0,186.582,1056211.0,99.644,425875.0,233.484,1061276.0,83.787,404791.0,77.95700000000001,371119.0,88.329,430434.0,53.664,220056.0,14.934000000000001,64814.0,28.889999999999997,151367.0,22.834,96788.0,87.342,439901.0,35.743,181207.0,203.231,910574.0,246.456,1035163.0,175.119,736488.0,128.163,468179.0,103.761,451817.0,50.509,141873.0,8.671,21981.0,104.27000000000001,488780.0,14.031,47209.0,89.596,407157.0,136.2,560646.0
7201,Iron & Steel,0.0,0.0,0.093,2540.0,0.0,0.0,0.0,246.0,0.40800000000000003,11623.0,0.0,0.0,4.1770000000000005,48098.0,0.039,1555.0,0.0,0.0,5.182,18165.0,0.925,82277.0,0.0,217.0,0.0,369.0,0.005,20.0,0.8939999999999999,69995.0,0.018,147.0,0.02,237.0,0.009,2876.0,0.005,460.0,1.94,368.0,0.008,1517.0,0.003,152.0,0.014000000000000002,403.0,0.003,361.0,0.018,993.0,0.001,27.0,3.0010000000000003,784.0,0.7929999999999999,9506.0,0.001,224.0,1.9989999999999999,460.0,0.0,0.0,3.0,662.0,0.001,51.0,0.02,1158.0,3.0,570.0,0.003,289.0,0.0,0.0,0.0,0.0,0.0,0.0,0.0,0.0,0.0,0.0,0.0,0.0,0.0,0.0,0.0,0.0,0.001,62.0,0.0,0.0,0.002,184.0,0.0,0.0
720211,Iron & Steel,0.0,0.0,0.0,95.0,0.0,0.0,0.786,23598.0,0.015,1611.0,0.0,0.0,0.0,0.0,0.0,0.0,0.0,0.0,0.0,0.0,0.0,0.0,0.0,0.0,0.0,0.0,0.0,0.0,0.0,0.0,0.0,0.0,0.0,0.0,0.0,0.0,0.0,0.0,0.001,552.0,0.0,0.0,0.001,48.0,0.0,0.0,0.0,0.0,0.0,0.0,0.006,265.0,0.0,0.0,0.0,0.0,0.0,0.0,0.004,1023.0,0.0,0.0,0.025,25.0,0.0,0.0,19.64,54951.0,0.0,0.0,0.0,0.0,0.0,0.0,0.0,0.0,0.007000000000000001,101.0,0.0,0.0,0.0,49.0,0.0,0.0,0.0,0.0,0.0,0.0,0.0,0.0,0.227,2637.0,0.0,0.0,0.0,0.0
720241,Iron & Steel,0.028999999999999998,823.0,0.0,117.0,0.028000000000000004,1528.0,0.006,730.0,0.087,5069.0,0.024,598.0,0.01,229.0,0.05,1267.0,0.092,2295.0,0.633,6760.0,0.017,1184.0,0.144,2488.0,0.10700000000000001,2835.0,0.11200000000000002,2412.0,0.076,2520.0,0.11000000000000001,2443.0,0.008,1375.0,0.132,4065.0,0.063,2474.0,0.007000000000000001,465.0,0.005,585.0,0.016,743.0,0.001,65.0,0.001,71.0,0.012,571.0,0.022,537.0,0.05600000000000001,2066.0,0.033,55328.0,0.003,272.0,0.125,226259.0,0.028999999999999998,1338.0,0.0,0.0,0.016,456.0,0.041999999999999996,2096.0,0.001,156.0,0.001,150.0,0.118,3876.0,0.024,1157.0,0.004,276.0,0.091,4978.0,0.01,1254.0,12.812999999999999,11962.0,1.816,598.0,0.011,418.0,0.118,4047.0,0.02,2048.0,0.067,1191.0,0.038,2407.0
72026000,Iron & Steel,0.0,0.0,0.0,0.0,0.0,0.0,0.0,0.0,0.0,0.0,0.0,1761.0,0.0,0.0,0.008,3761.0,0.386,2293.0,0.20099999999999998,1497.0,0.0,0.0,0.0,0.0,0.008,1517.0,0.0,0.0,0.0,0.0,0.0,0.0,0.03,4980.0,0.008,5032.0,0.011,2039.0,0.0,0.0,0.0,0.0,0.0,0.0,0.0,1652.0,0.0,0.0,0.019,5043.0,0.0,0.0,0.0,0.0,0.006,1541.0,0.025,2827.0,0.0,0.0,0.0,0.0,0.10700000000000001,12476.0,0.0,0.0,1.155,7557.0,0.352,2488.0,0.001,1562.0,0.007000000000000001,2755.0,0.0,0.0,0.0,603.0,0.009,1778.0,0.061,7807.0,12.623999999999999,38758.0,0.0,0.0,0.006,1265.0,0.0,0.0,0.061,2935.0,0.0,0.0,0.0,0.0
7203,Iron & Steel,49946.405,23083834.0,57884.005000000005,26685716.0,23397.862,9037620.0,33039.054,10838294.0,32839.101,14670485.0,49162.0,11783256.0,63846.851,14983457.0,34802.162,16252046.0,71362.638,19988628.0,14640.753,7529354.0,70812.861,37398996.0,15719.543,7899603.0,8521.814,4158267.0,11627.378,5425992.0,26810.405,9605242.0,27106.456,10556194.0,35108.581,13441744.0,32489.305,14120434.0,139810.125,44381949.0,20265.239999999998,7795415.0,27970.15,10824930.0,18661.311999999998,7211183.0,20148.146,7367852.0,25017.095999999998,9084066.0,65203.956999999995,11198011.0,35143.975,13372006.0,20061.387,7868984.0,21530.456,8540197.0,23628.720999999998,9413452.0,30480.324,12231667.0,25250.002,10152587.0,21587.909,8553627.0,21682.19,8452309.0,7028.089,2753565.0,52433.177,19471137.0,44597.262,15111301.0,18936.920000000002,7194910.0,51947.076,19463663.0,37365.87,14582091.0,26751.645,10059683.0,31021.632,11160999.0,27810.98,10032913.0,36049.865999999995,12944017.0,28709.378000000004,10086364.0,38945.7,13356789.0,35401.864,11612340.0,29371.165,10046240.0,132049.166,41058265.0
7205,Iron & Steel,332.572,1359850.0,395.428,1530397.0,657.941,3123996.0,1010.894,3835968.0,659.519,2417780.0,922.777,3130346.0,1376.7069999999999,5041000.0,992.1959999999999,4206156.0,466.149,2229219.0,725.798,4524380.0,591.7470000000001,3218979.0,443.679,2197261.0,463.592,2067442.0,523.704,2650827.0,912.432,3209426.0,568.488,2553458.0,833.634,3035818.0,914.573,3222337.0,931.741,3044353.0,657.746,1987484.0,335.61,1488646.0,809.466,2793821.0,486.36499999999995,1893335.0,327.741,1074490.0,666.2189999999999,2208936.0,615.2520000000001,2659683.0,827.039,2556991.0,1171.26,3235272.0,641.4590000000001,3343704.0,1190.604,2810401.0,1309.126,2685348.0,512.692,2043824.0,432.029,1333004.0,763.9689999999999,2029385.0,583.557,1667265.0,210.054,1309038.0,1424.624,2491798.0,228.00799999999998,1115981.0,622.857,1693659.0,445.87399999999997,1439565.0,1189.53,2523304.0,452.80100000000004,1712447.0,846.433,2071408.0,348.71500000000003,1140787.0,577.044,1530684.0,536.1850000000001,1338963.0,336.46799999999996,1187343.0,534.025,1240965.0
72061000,Iron & Steel,0.008,371.0,0.06899999999999999,2986.0,0.092,3771.0,0.0,0.0,0.001,96.0,0.091,869.0,1.0050000000000001,1670.0,0.675,10421.0,72.276,266693.0,194.22,425765.0,121.102,322497.0,0.001,6.0,0.0,5.0,0.008,1126.0,0.518,29009.0,0.053000000000000005,868.0,0.0,0.0,0.004,18.0,36.225,94664.0,81.451,187520.0,207.175,435631.0,0.0,0.0,0.0,0.0,0.0,0.0,0.0,0.0,0.553,9897.0,1.024,11379.0,0.22799999999999998,2908.0,0.6,15003.0,0.0,0.0,0.0,0.0,0.011,126.0,0.315,8029.0,0.0,0.0,0.0,0.0,0.0,0.0,0.0,0.0,0.0,0.0,0.0,0.0,0.13999999999999999,732.0,2.934,3366.0,0.54,8661.0,0.0,0.0,0.0,0.0,0.256,7371.0,0.0,0.0,12.985,12427.0,0.0,45.0
7208,Iron & Steel,14.651,50452.0,0.154,12143.0,1.198,29602.0,2.787,28476.0,2.038,37986.0,2028.907,1365575.0,12.283,24902.0,229.53000000000003,117708.0,24.027,152824.0,16.818,76989.0,6.861,41069.0,12.536,67409.0,0.786,30353.0,7.354000000000001,27851.0,4.449,27460.0,33.016000000000005,53329.0,38.594,75067.0,1.151,19558.0,4.668,24197.0,29.363999999999997,61523.0,9.936,26197.0,2.013,26499.0,2.862,44160.0,0.038,1002.0,29.333999999999996,99569.0,9.447,37906.0,91.64500000000001,291387.0,21.332,42994.0,9.657,38904.0,81.564,167839.0,44.415,89565.0,88.178,86895.0,86.358,132967.0,143.777,276007.0,1.2810000000000001,9294.0,5.54,28772.0,72.431,145986.0,7.898000000000001,21906.0,3.857,11479.0,16.741999999999997,44760.0,14.633000000000001,36070.0,0.983,4665.0,161.767,420806.0,43.019,49815.0,1592.41,1260878.0,125.60799999999999,158765.0,46.202,64932.0,30.756999999999998,43665.0
7209,Iron & Steel,20.285,104341.0,8.11,61881.0,7.26,34241.0,36.25,167700.0,4.932,39605.0,53.359,195834.0,77.901,408816.0,28.727999999999998,111368.0,43.157,296298.0,16.405,149350.0,7.93,93190.0,20.125,115171.0,24.365000000000002,160360.0,7.339,41872.0,5.852,49853.0,11.115,90486.0,9.597,112101.0,7.829000000000001,22039.0,4.907,73677.0,3.3649999999999998,14755.0,19.267,104549.0,12.361,28417.0,3.846,32224.0,12.222,60904.0,0.397,33246.0,31.674,210895.0,6.912000000000001,53096.0,2.429,21700.0,15.884,61042.0,18.52,87760.0,29.394,113987.0,69.296,56267.0,4.386,6437.0,22.207,38619.0,2.194,35933.0,4.885,21328.0,3.304,24680.0,0.11200000000000002,718.0,14.868,84274.0,8.809999999999999,61805.0,7.359999999999999,37726.0,11.298,69122.0,0.496,6966.0,2.4579999999999997,12681.0,8.497,41766.0,22.521,73441.0,33.042,33820.0,24.7,146847.0
7210,Iron & Steel,669.29,1117990.0,425.188,739400.0,286.846,942323.0,744.841,1418758.0,515.812,1371212.0,627.2909999999999,1927959.0,1416.039,3069652.0,986.7540000000001,2386101.0,622.198,1826043.0,359.331,1480677.0,655.422,1513753.0,86.204,462951.0,541.3720000000001,1070697.0,1053.851,1444403.0,156.861,781028.0,384.63800000000003,919695.0,419.003,1374911.0,52.169000000000004,303371.0,1291.59,1241376.0,118.08800000000001,505316.0,121.37100000000001,750704.0,601.971,944685.0,273.683,333658.0,464.716,615808.0,297.201,649514.0,154.716,456396.0,2310.6099999999997,1335364.0,327.29,714478.0,526.688,821337.0,267.789,510301.0,530.0310000000001,644349.0,238.39299999999997,610568.0,587.2439999999999,631687.0,222.55,509260.0,50.761,1041534.0,51.363,1063608.0,277.222,1306299.0,142.674,3824657.0,50.182,118548.0,1749.859,6214109.0,115.724,2551220.0,192.94,1728409.0,247.581,2253664.0,49.85,149254.0,20.866999999999997,156358.0,174.18,569210.0,323.606,425695.0,108.843,197921.0
72111300,Iron & Steel,0.0,0.0,0.0,0.0,0.0,0.0,0.002,5.0,0.0,0.0,0.0,0.0,0.0,0.0,0.032,506.0,0.0,0.0,0.0,0.0,0.0,0.0,0.045,706.0,0.0,0.0,0.03,184.0,0.007000000000000001,308.0,0.0,0.0,0.10800000000000001,2.0,0.0,0.0,0.0,0.0,0.0,0.0,0.367,5.0,0.001,81.0,0.0,0.0,0.0,0.0,0.0,0.0,0.001,66.0,0.001,59.0,0.0,0.0,1.763,1481.0,0.0,0.0,0.0,0.0,0.038,364.0,0.0,0.0,0.009,452.0,0.0,0.0,0.0,0.0,0.0,0.0,0.016,223.0,0.0,0.0,0.0,0.0,0.001,9.0,0.0,0.0,0.0,0.0,0.006,262.0,0.0,0.0,0.0,0.0,0.0,0.0,0.10600000000000001,890.0
7212,Iron & Steel,520.45,3007030.0,363.115,2478845.0,472.808,3045963.0,804.799,5148554.0,811.25,5392566.0,358.889,2914321.0,1155.712,8576457.0,628.765,4963967.0,576.866,4352183.0,743.24,5127352.0,413.89399999999995,3412050.0,415.48999999999995,3026120.0,688.55,5294488.0,414.18199999999996,2916113.0,568.8199999999999,3949794.0,607.274,4371541.0,565.3439999999999,4221705.0,490.108,2742215.0,442.58599999999996,3051241.0,583.6800000000001,3573694.0,363.015,2374524.0,465.241,3214170.0,594.009,4016735.0,289.34299999999996,1860081.0,707.894,4989221.0,519.9970000000001,3494417.0,361.021,2428737.0,868.881,5707527.0,525.8,3372213.0,587.4739999999999,4065821.0,1000.832,6361735.0,578.411,3823030.0,534.7479999999999,3467855.0,361.957,2537978.0,371.635,2357507.0,369.115,2395927.0,335.979,2463176.0,324.762,2302875.0,380.491,2683728.0,680.146,4717112.0,522.383,3171132.0,355.068,2016893.0,796.167,5295822.0,317.058,1871483.0,157.897,847205.0,768.201,5057698.0,282.93,1757600.0,295.04499999999996,1598053.0
7213,Iron & Steel,0.022,1095.0,0.040999999999999995,993.0,0.161,3173.0,11.924,15118.0,0.154,3945.0,0.149,3976.0,240.291,235437.0,204.023,201344.0,0.129,3710.0,0.9199999999999999,4481.0,0.45599999999999996,20950.0,0.177,5710.0,1.698,4598.0,8.208,19042.0,0.22000000000000003,5995.0,1.524,3109.0,0.145,7534.0,0.525,10461.0,0.049,1076.0,20.109,30834.0,0.986,2465.0,5.614,14725.0,0.017,12.0,0.002,9.0,5.582,21937.0,9.419,68059.0,1.3039999999999998,6276.0,50.256,128476.0,0.545,10890.0,0.001,325.0,15.86,96786.0,1.1400000000000001,81014.0,1.332,60001.0,0.633,47185.0,1.7570000000000001,58963.0,0.688,57545.0,0.393,11512.0,0.826,7686.0,19.131,8958.0,0.011,777.0,7.5680000000000005,12464.0,2.702,11149.0,0.183,1347.0,0.732,501.0,3.9200000000000004,3600.0,0.099,1277.0,0.034,37.0,0.20600000000000002,2925.0
72142000,Iron & Steel,0.0,0.0,0.009,4.0,0.0,0.0,0.0,0.0,0.0,0.0,0.011,406.0,0.0,0.0,0.0,0.0,0.0,0.0,0.002,111.0,10.0,117730.0,1.1460000000000001,11263.0,6.8,119222.0,0.0,0.0,0.0,0.0,0.0,0.0,0.0,0.0,0.0,0.0,0.006,389.0,0.0,0.0,0.0,0.0,0.0,0.0,0.0,0.0,0.001,86.0,0.0,0.0,0.043,867.0,0.0,0.0,0.0,0.0,0.0,30.0,0.0,0.0,0.0,0.0,0.079,46.0,0.0,0.0,1.6949999999999998,2129.0,0.0,0.0,0.0,0.0,0.0,0.0,0.137,1227.0,0.0,0.0,0.0,0.0,0.0,0.0,0.08399999999999999,3062.0,0.496,9131.0,0.0,0.0,0.0,0.0,0.0,0.0,0.0,0.0,0.0,0.0
7215,Iron & Steel,127.35999999999999,373677.0,27.96,151141.0,18.259,153037.0,91.836,341530.0,51.278,109810.0,2.355,68797.0,83.09299999999999,355549.0,115.71,543233.0,44.678,233231.0,77.261,289197.0,83.227,350953.0,44.921,136693.0,44.732,326509.0,16.824,116293.0,22.725,132906.0,7.7170000000000005,161613.0,71.726,262125.0,43.552,350244.0,57.562,639495.0,71.334,515426.0,3.2,33281.0,7.3790000000000004,63414.0,15.838,419969.0,3.806,28529.0,49.608999999999995,142840.0,13.338999999999999,87086.0,29.642000000000003,212934.0,29.546,153430.0,44.827999999999996,192812.0,31.848000000000003,175722.0,49.269,277135.0,28.452999999999996,172078.0,41.214999999999996,148005.0,67.51,261461.0,42.091,148942.0,65.429,211685.0,2.8920000000000003,28327.0,76.292,265982.0,26.357999999999997,368157.0,10.805,96143.0,57.372,206797.0,10.414,138343.0,84.155,178419.0,14.2,125719.0,10.593,45963.0,27.594,95332.0,24.79,82927.0,43.399,177050.0
7216,Iron & Steel,10.978,142915.0,2.8440000000000003,54679.0,5.0409999999999995,73077.0,36.396,491345.0,10.777,185092.0,8.903,399318.0,134.962,292559.0,19.572,285275.0,7.1450000000000005,968600.0,64.471,336497.0,6.751,208173.0,25.369999999999997,132390.0,4.7509999999999994,105395.0,4.244,97511.0,36.733999999999995,322498.0,50.382,187777.0,3.21,79230.0,15.138,126245.0,25.025,166663.0,4.18,110435.0,5.849,123650.0,11.696,73306.0,89.728,105513.0,11.334999999999999,40831.0,21.559,24518.0,7.259,39069.0,57.911,225772.0,18.798,65862.0,4.32,51606.0,109.793,195064.0,81.946,182150.0,240.20999999999998,309076.0,224.581,443602.0,71.804,143877.0,10.533,59994.0,5.534000000000001,20672.0,100.72,259664.0,43.223,38001.0,36.858,77211.0,10.276,64330.0,43.652,113705.0,15.849,60952.0,186.78,503784.0,8.253,30614.0,28.683999999999997,68438.0,1.494,15164.0,17.241999999999997,55979.0,17.197,77662.0
721710,Iron & Steel,53.67100000000001,146575.0,90.66900000000001,171597.0,82.36699999999999,280764.0,100.061,400014.0,85.952,205363.0,107.979,313380.0,143.91,421049.0,111.931,335255.0,73.296,336443.0,21.232,130099.0,189.804,567817.0,174.18900000000002,559216.0,107.26700000000001,350114.0,73.152,228309.0,59.3,303912.0,87.364,337818.0,152.096,256368.0,81.749,238902.0,202.56400000000002,389085.0,119.093,354163.0,101.652,237074.0,83.63,296233.0,103.276,352807.0,85.083,292040.0,192.082,438256.0,98.244,356414.0,136.568,578904.0,73.02000000000001,138055.0,79.167,326623.0,78.791,155994.0,79.026,256301.0,123.75699999999999,350360.0,53.789,267080.0,20.315,50129.0,106.646,360989.0,72.11,193575.0,117.929,328952.0,97.98400000000001,382657.0,86.53999999999999,307258.0,145.53699999999998,311513.0,96.25399999999999,339753.0,76.818,248476.0,85.274,217414.0,67.35900000000001,197816.0,60.552,197599.0,28.525,77843.0,45.073,178826.0,128.221,386555.0
721720,Iron & Steel,2.471,8116.0,20.724,12148.0,51.855,106823.0,40.941,252806.0,220.336,142382.0,0.012,190.0,0.002,193.0,76.79299999999999,51059.0,15.648,114287.0,1.197,1323.0,48.969,97241.0,1.922,6822.0,0.001,58.0,0.265,2437.0,0.002,351.0,19.511000000000003,13464.0,17.347,35682.0,20.089,12050.0,16.079,106049.0,3.6079999999999997,20046.0,4.136,12227.0,57.513,32205.0,4.503,40028.0,54.104,31608.0,76.464,157098.0,22.249000000000002,22289.0,19.898,13336.0,37.731,51127.0,58.455,29334.0,0.308,633.0,19.487000000000002,9596.0,27.713,175859.0,156.116,85465.0,115.076,319653.0,136.529,278579.0,45.063,39189.0,2.211,17939.0,9.004000000000001,10270.0,103.952,224051.0,18.628,47595.0,36.219,46087.0,0.5469999999999999,3223.0,0.597,3165.0,50.587,96061.0,13.863999999999999,13973.0,0.22999999999999998,1995.0,39.833,24210.0,0.787,5189.0
72181000,Iron & Steel,69.534,251486.0,3039.538,7714744.0,58.477999999999994,286748.0,107.43199999999999,789265.0,74.089,308965.0,56.98,255619.0,32.513999999999996,209701.0,98.19500000000001,626315.0,54.944,442455.0,29.012,151356.0,34.481,186539.0,25.093,128716.0,92.744,476318.0,72.299,493822.0,110.03099999999999,710423.0,3325.167,9037399.0,18.081,120116.0,40.7,255784.0,153.778,1045772.0,62.278,421643.0,22.486,171693.0,62.553,456748.0,54.125,353596.0,44.68,253109.0,133.228,1093778.0,56.975,383616.0,225.97899999999998,1571563.0,1191.081,3355876.0,46.039,403916.0,1379.866,3691111.0,1105.353,3703346.0,33.011,236063.0,52.440999999999995,299995.0,69.301,291403.0,29.208999999999996,220117.0,2.872,17912.0,96.481,528399.0,34.279,231411.0,77.729,487158.0,109.16300000000001,537149.0,15.521,98291.0,35.097,209563.0,51.181,353235.0,31.949,155220.0,91.60900000000001,533582.0,38.983999999999995,245779.0,59.422000000000004,344436.0,6.371,51905.0
72191100,Iron & Steel,0.0,0.0,0.003,26.0,0.548,17173.0,0.0,0.0,0.597,26219.0,0.0,0.0,0.067,3229.0,0.0,0.0,2.271,68314.0,0.0,0.0,0.0,0.0,0.0,0.0,1.353,65190.0,0.0,0.0,0.0,0.0,0.0,0.0,0.0,0.0,0.7,5752.0,0.753,19320.0,0.099,548.0,1.447,18256.0,0.16699999999999998,6506.0,0.005,1577.0,0.881,44047.0,2.366,101124.0,0.0,0.0,4.003,116139.0,0.005,311.0,0.0,0.0,0.557,28852.0,0.045,2285.0,0.001,1874.0,0.0,0.0,0.004,427.0,1.411,73165.0,1.9,24173.0,0.198,13640.0,5.181,163194.0,0.002,284.0,0.6900000000000001,1678.0,0.422,24710.0,0.612,22691.0,0.0,0.0,0.133,7475.0,0.0,0.0,0.012,10770.0,0.0,0.0,0.0,0.0
72193100,Iron & Steel,0.9949999999999999,43861.0,9.483,189841.0,7.925,188538.0,1.1320000000000001,105385.0,1.302,79277.0,4.116,179663.0,1.041,23583.0,1.291,56842.0,4.211,96311.0,10.025,290311.0,0.6599999999999999,45737.0,4.336,194048.0,0.13799999999999998,8049.0,4.994,237504.0,1.4769999999999999,52897.0,4.35,200365.0,0.775,61951.0,1.347,86674.0,2.379,131551.0,4.0009999999999994,228377.0,1.536,62535.0,1.7730000000000001,128320.0,7.394,181267.0,1.886,65654.0,1.234,18378.0,0.493,36948.0,1.765,90024.0,1.8820000000000001,15911.0,0.968,21699.0,3.779,35333.0,5.118,172069.0,6.461,173990.0,1.5470000000000002,27121.0,30.871,346085.0,5.417,61307.0,1.381,85079.0,3.4799999999999995,66864.0,0.185,19216.0,1.222,59356.0,4.6850000000000005,39087.0,1.6969999999999998,51816.0,2.498,72737.0,1.7710000000000001,20905.0,1.272,10688.0,1.656,39240.0,3.4090000000000003,181674.0,3.722,57311.0,1.783,27767.0
7221,Iron & Steel,57.241,590664.0,42.86,471113.0,62.885000000000005,656834.0,45.343,463328.0,50.201,549154.0,85.34,1065430.0,15.016,275513.0,37.118,390386.0,81.523,962181.0,14.55,369788.0,28.249000000000002,464934.0,18.619,374318.0,7.428,231282.0,5.553,43604.0,10.716,125482.0,23.729,253910.0,356.132,2810161.0,107.851,582845.0,26.189,402422.0,7.44,138576.0,17.0,691208.0,2.987,84046.0,16.089,560486.0,13.244,135165.0,9.608,217050.0,26.744,518445.0,15.745,562375.0,11.399,303482.0,21.225,638593.0,20.171,170204.0,34.617000000000004,549159.0,11.797,354294.0,30.451999999999998,1064552.0,20.717,714946.0,18.047,273522.0,3.1710000000000003,94532.0,68.589,535121.0,5.953,177169.0,12.883000000000001,601962.0,8.508,71052.0,15.691999999999998,510608.0,9.558,275788.0,18.396,458837.0,5.957,37840.0,10.709,479284.0,8.540000000000001,364652.0,11.241,501805.0,4.125,120804.0
722300,Iron & Steel,99.636,2054014.0,83.287,2639330.0,78.826,2234002.0,70.183,2113687.0,75.606,2734494.0,163.875,3150022.0,82.99,2803292.0,63.857000000000006,2053159.0,81.422,3156444.0,77.267,2612772.0,84.185,4035722.0,54.44199999999999,2170009.0,71.691,2798830.0,67.81,2333496.0,54.658,2281624.0,85.936,2639729.0,95.076,3625949.0,64.76599999999999,2575400.0,87.646,2754486.0,61.322,2748073.0,80.977,2812928.0,65.738,2880760.0,119.67,3193629.0,60.08200000000001,2547814.0,61.846000000000004,2879060.0,60.65,2186885.0,77.213,3228570.0,87.188,3741766.0,79.85499999999999,3365552.0,59.403,3370272.0,47.142,3146992.0,60.383,2809168.0,51.888,2673437.0,77.987,3550237.0,90.866,4391594.0,48.457,2451823.0,50.269999999999996,2779978.0,50.559,2888120.0,88.694,3463478.0,40.185,2511920.0,57.277,2511719.0,76.90299999999999,3414685.0,67.212,2781617.0,65.114,3013801.0,39.409,2035648.0,72.658,2249588.0,33.150999999999996,1762554.0,30.202999999999996,1648595.0
722410,Iron & Steel,34.832,132355.0,102.521,394243.0,0.073,25804.0,52.697,382932.0,38.89,132809.0,51.128,237709.0,38.926,235567.0,18.782,105627.0,19.694,126531.0,0.028000000000000004,9715.0,0.025,7060.0,0.099,29324.0,0.745,110878.0,18.568,110576.0,2.477,49045.0,0.19,19212.0,0.525,23804.0,17.897,122238.0,6.720000000000001,517262.0,0.716,32087.0,19.622,115155.0,19.378,93479.0,68.979,402193.0,70.888,368202.0,16.189,93785.0,51.08,227206.0,182.48,771070.0,50.789,232040.0,18.616999999999997,82225.0,28.886000000000003,184119.0,28.536,156163.0,1.6079999999999999,4627.0,70.078,373817.0,31.191000000000003,258744.0,61.738,400250.0,71.273,723865.0,10.145999999999999,147909.0,58.025999999999996,385672.0,42.11,368293.0,41.825,443795.0,93.001,696967.0,0.281,93094.0,0.020999999999999998,238.0,0.302,8435.0,19.021,81083.0,0.521,1122.0,20.374000000000002,371404.0,0.06899999999999999,5099.0
72251100,Iron & Steel,307.823,1028478.0,296.512,1071253.0,210.073,705672.0,183.969,625049.0,348.854,1193864.0,174.025,754232.0,0.011,2938.0,0.0,0.0,0.0,0.0,0.0,0.0,0.0,0.0,0.0,0.0,0.0,0.0,0.0,0.0,0.0,0.0,0.0,0.0,0.0,0.0,0.039,15369.0,192.419,806696.0,76.08,256490.0,427.146,1757610.0,379.541,1036397.0,627.113,1781757.0,395.933,1145581.0,331.339,1093466.0,0.0,0.0,456.21999999999997,1806992.0,344.175,1003282.0,233.15,699649.0,309.281,973180.0,237.198,741930.0,368.052,970162.0,463.596,1290602.0,703.638,2045097.0,338.63,844485.0,917.2719999999999,2715738.0,860.2049999999999,2498922.0,826.463,2393387.0,399.317,1120501.0,356.107,1173167.0,373.113,1221049.0,409.89,1187967.0,601.389,1686154.0,337.489,890485.0,438.13599999999997,1391984.0,0.020999999999999998,43.0,11.183,45440.0,0.0,0.0
722530,Iron & Steel,0.0,14.0,0.0,0.0,0.0,0.0,0.0,0.0,0.0,0.0,70.983,232955.0,64.104,176207.0,0.757,3558.0,0.0,0.0,0.45,20838.0,89.6,187324.0,0.0,0.0,0.0,0.0,0.0,0.0,0.02,386.0,41.96,39733.0,39.431,33792.0,0.0,0.0,0.0,0.0,0.0,0.0,0.003,1150.0,204.82199999999997,233295.0,0.004,1178.0,0.0,0.0,0.056999999999999995,3464.0,0.0,0.0,1.3,3689.0,0.0,0.0,1.6440000000000001,25150.0,0.0,0.0,1.04,1900.0,0.38,21397.0,0.040999999999999995,59538.0,272.8,402743.0,0.0,0.0,41.62,50437.0,0.0,0.0,2.199,4335.0,76.5,118366.0,20.869999999999997,30417.0,6.635,5347.0,0.065,63.0,0.003,175.0,0.0,0.0,0.059,894.0,0.0,0.0,0.149,1588.0,0.0,0.0
722550,Iron & Steel,2.7399999999999998,22386.0,2.811,31722.0,4.851,33668.0,2.117,37314.0,1.518,18696.0,14.188999999999998,477946.0,1.147,11456.0,2.008,16316.0,79.748,226130.0,32.045,110137.0,0.04,358.0,10.297,85781.0,2.907,69584.0,3.096,25153.0,66.939,187402.0,6.63,26540.0,1.702,14920.0,1.369,15432.0,38.285000000000004,194189.0,12.824000000000002,18220.0,0.611,30131.0,1.723,15996.0,0.262,31605.0,0.033,3814.0,6.037,47132.0,2.0949999999999998,29646.0,28.861,112777.0,0.8789999999999999,7970.0,0.765,4594.0,5.201,47974.0,13.847999999999999,16381.0,1.3900000000000001,11219.0,1.7129999999999999,15338.0,2.988,20406.0,1.201,13593.0,0.958,7497.0,0.762,11541.0,0.6950000000000001,15640.0,5.095000000000001,34941.0,4.351,55034.0,7.516,53461.0,0.357,5515.0,1.129,15358.0,2.057,27791.0,0.16499999999999998,3410.0,0.10900000000000001,2618.0,1.428,18203.0,9.125,53362.0
7301,Iron & Steel,1.049,39174.0,3.399,48486.0,2.7649999999999997,75856.0,1.8800000000000001,61209.0,3.4090000000000003,120498.0,7.191,200885.0,4.803,129635.0,4.832,162366.0,1.7710000000000001,35153.0,4.221,98774.0,4.361,127278.0,114.68699999999998,281624.0,5.375,249160.0,2.705,89828.0,11.11,460412.0,4.095000000000001,248017.0,4.589,128700.0,3.022,134006.0,1.7870000000000001,60347.0,5.755,321667.0,5.87,131402.0,20.647,179886.0,2.7350000000000003,98877.0,30.576,179660.0,2.302,82426.0,4.317,147637.0,6.1240000000000006,243982.0,3.6049999999999995,410855.0,4.496,184352.0,1.629,88696.0,3.5869999999999997,118625.0,2.435,284245.0,2.657,101276.0,23.753,185376.0,1.4609999999999999,156673.0,4.194,124544.0,8.395999999999999,1319434.0,5.339,67782.0,15.974,178502.0,2.555,121800.0,1.323,101669.0,2.308,173650.0,4.765,102256.0,3.438,122811.0,3.438,97173.0,11.226,81492.0,5.2219999999999995,97869.0,5.811,62249.0
7302,Iron & Steel,7.5760000000000005,49954.0,7.76,103892.0,1.2730000000000001,18708.0,21.741999999999997,39752.0,0.11399999999999999,1416.0,30.145999999999997,141632.0,1.082,15858.0,1.924,12598.0,10.370000000000001,52552.0,0.352,1161.0,21.969,67142.0,6.220000000000001,29388.0,1.0150000000000001,9665.0,33.804,252324.0,15.169999999999998,112180.0,20.686,56872.0,27.410000000000004,60819.0,1.096,15568.0,11.119,34228.0,0.62,14552.0,14.447999999999999,60692.0,5.768,10434.0,12.844999999999999,46373.0,24.857,71191.0,21.437,60609.0,144.967,306784.0,18.249000000000002,104983.0,30.651,126015.0,0.10300000000000001,4970.0,1.442,30965.0,32.862,105020.0,4.971,33188.0,5.806,83288.0,1.514,51352.0,6.878,51043.0,21.474,152351.0,0.182,2614.0,3.332,175718.0,13.805000000000001,70995.0,27.063,83368.0,3.572,15435.0,9.409,56744.0,2.7969999999999997,45547.0,0.42800000000000005,2253.0,0.341,2326.0,0.29500000000000004,3363.0,1.996,10630.0,6.103,17632.0
7303,Iron & Steel,37.858,106921.0,8.394,55373.0,5.767,61555.0,6.516,41491.0,11.778,73125.0,12.334999999999999,73435.0,1.073,41215.0,22.288999999999998,125175.0,0.6559999999999999,20989.0,11.242,66173.0,1.763,17330.0,25.988999999999997,126241.0,2.039,20690.0,3.95,27798.0,1.7309999999999999,40259.0,0.869,25322.0,0.333,10752.0,0.093,9046.0,0.251,7990.0,0.507,19441.0,3.3369999999999997,134524.0,0.364,6380.0,0.866,182076.0,0.646,11209.0,0.962,13593.0,14.937999999999999,225751.0,2.15,41638.0,1.6019999999999999,17647.0,0.8310000000000001,16322.0,10.031,35682.0,0.27,7524.0,0.074,6915.0,10.602,49248.0,0.184,31158.0,10.68,144781.0,12.916,63936.0,0.782,8360.0,0.020999999999999998,6154.0,0.092,30470.0,2.787,32295.0,3.507,46305.0,10.535,30481.0,0.348,5216.0,0.077,1998.0,11.187000000000001,66994.0,0.091,2785.0,0.147,8074.0,0.16799999999999998,2729.0
730419,Iron & Steel,381.89099999999996,256154.0,252.98499999999999,857542.0,597.088,411125.0,127.631,377075.0,862.0469999999999,691556.0,850.892,786034.0,207.289,179636.0,368.798,376964.0,143.264,127326.0,371.264,348527.0,331.361,282019.0,148.163,123914.0,54.396,54766.0,354.54699999999997,284988.0,156.22899999999998,144691.0,51.551,42335.0,120.74300000000001,112968.0,198.842,304217.0,24.571,28747.0,555.923,641124.0,545.279,411939.0,674.884,524153.0,1004.162,775704.0,162.4,167525.0,230.317,206662.0,15.431999999999999,55050.0,3.8729999999999998,12552.0,8.263,82361.0,3.096,46374.0,2.2,36344.0,0.263,6924.0,118.85,89733.0,148.636,1345951.0,3.3689999999999998,65645.0,337.88,202869.0,4.1049999999999995,37773.0,0.10900000000000001,2358.0,2.439,50606.0,7.6739999999999995,23788.0,3.882,9453.0,1.329,19968.0,483.822,242528.0,866.4290000000001,588037.0,332.596,177331.0,1604.8049999999998,973734.0,814.482,490326.0,932.3219999999999,695882.0,868.325,2870676.0
730439,Iron & Steel,0.783,36557.0,43.507,173674.0,31.692,91024.0,144.947,138654.0,161.73,165208.0,2.07,52299.0,249.256,270323.0,1.9600000000000002,35582.0,159.788,260839.0,152.281,458141.0,149.534,205389.0,289.883,307399.0,191.078,222092.0,1.175,31173.0,258.566,212776.0,628.6890000000001,591845.0,162.80599999999998,310040.0,460.802,825672.0,23.932,186402.0,28.436,136197.0,4.879,89025.0,28.72,124638.0,1.9129999999999998,22281.0,0.85,23443.0,86.089,182720.0,245.06900000000002,233700.0,256.88800000000003,203720.0,37.298,93670.0,151.332,158394.0,296.681,468726.0,250.852,199090.0,1.666,38552.0,666.266,547229.0,3.7009999999999996,41479.0,488.246,425574.0,640.197,550032.0,16.912,99610.0,2.69,33274.0,2005.5279999999998,1534548.0,128.482,113452.0,449.75699999999995,365547.0,106.495,94559.0,1.049,49751.0,2.46,34160.0,2.367,204431.0,1.811,30597.0,1.334,21607.0,4.454,21458.0
7305,Iron & Steel,4.718999999999999,128189.0,3.138,20072.0,17.397,39388.0,15.177000000000001,125917.0,10.748000000000001,194118.0,12.477,233131.0,27.919,75458.0,1.31,11070.0,1.936,21033.0,2.4050000000000002,295929.0,1.916,5146.0,1.7760000000000002,8562.0,1.097,17801.0,0.764,5932.0,0.709,1946.0,1.084,54704.0,12.506,33452.0,100.137,599288.0,2.033,7562.0,89.775,794921.0,3.175,59310.0,0.538,24912.0,0.026000000000000002,816.0,0.006,440.0,1.199,7627.0,5.970000000000001,30095.0,122.005,250589.0,0.001,189.0,41.19,80124.0,0.036,278.0,0.003,568.0,0.003,31.0,0.003,936.0,22.512999999999998,18650.0,5.274,9069.0,2.018,6771.0,9.671,44285.0,29.968,304290.0,0.558,24665.0,49.964,224448.0,1.503,11243.0,0.177,14413.0,186.137,505221.0,3.6090000000000004,5943.0,0.037,2878.0,99.014,155620.0,12.407,25647.0,13.764,28863.0
73061900,Iron & Steel,0.016,896.0,7.406000000000001,46709.0,0.873,37920.0,0.626,4657.0,9.347,221042.0,0.298,5010.0,1.2369999999999999,2244.0,2.488,83526.0,0.121,1267.0,0.32599999999999996,4148.0,0.11499999999999999,1784.0,5.845000000000001,16673.0,0.034999999999999996,1114.0,4.945,118963.0,0.101,736.0,0.808,10168.0,0.45899999999999996,4396.0,4.965,51827.0,0.449,15071.0,0.264,1940.0,0.53,2203.0,0.001,30.0,0.122,1736.0,0.10200000000000001,2039.0,3.081,9237.0,7.519,10689.0,0.8619999999999999,13439.0,0.71,15801.0,1.34,15266.0,0.081,2665.0,0.049,811.0,0.025,289.0,0.0,0.0,0.43200000000000005,6548.0,0.722,3373.0,1.114,4794.0,0.086,1334.0,15.919,33560.0,0.883,13313.0,1.34,7208.0,49.082,60917.0,2.356,25588.0,6.2829999999999995,64907.0,0.034999999999999996,2786.0,3.526,18348.0,2.979,21814.0,2.293,16982.0,3.008,13811.0
73063080,Iron & Steel,0.072,11302.0,4.811999999999999,20784.0,15.737,34012.0,1.109,1926.0,1.6260000000000001,93691.0,6.1049999999999995,21116.0,0.0,0.0,3.819,11525.0,1.1320000000000001,1746.0,0.89,6633.0,0.0,43.0,0.0,0.0,6.893000000000001,23961.0,1.2730000000000001,17056.0,5.463,6267.0,0.051000000000000004,2722.0,0.5940000000000001,5243.0,0.889,21647.0,7.214,27035.0,1.6219999999999999,1971.0,2.731,3134.0,1.341,12790.0,0.028999999999999998,3231.0,13.690999999999999,98087.0,1.541,16125.0,1.504,22998.0,1.97,22622.0,6.635,31342.0,2.197,2673.0,0.499,4218.0,7.06,29910.0,4.536,6163.0,0.015,544.0,0.195,22889.0,1.508,1487.0,1.478,1939.0,1.575,4674.0,0.0,0.0,0.059,186.0,1.6309999999999998,4236.0,0.01,1003.0,0.02,871.0,0.048,3279.0,1.5550000000000002,1365.0,1.425,23418.0,7.811,22543.0,3.38,3176.0,1.1099999999999999,1428.0
73072100,Iron & Steel,15.276,1293690.0,41.175,1381392.0,21.332,1065416.0,22.476,1244586.0,12.783,1083605.0,23.107,1082783.0,17.32,1073030.0,18.196,1096783.0,11.992,1293457.0,16.516,1252378.0,12.88,1222285.0,9.337,1091809.0,11.217,1139784.0,11.373000000000001,1266272.0,10.78,1164790.0,13.315000000000001,1321408.0,11.987,1530852.0,9.017,1323332.0,17.148,1323035.0,29.686,1664033.0,23.865000000000002,1572452.0,14.411000000000001,1052986.0,14.965,1333952.0,7.976999999999999,875148.0,8.453,932902.0,17.849,1311199.0,17.328,1230080.0,21.604,1572278.0,8.184000000000001,1946497.0,6.508,1502049.0,7.953,1128507.0,7.543000000000001,1162082.0,6.306,1036407.0,7.077,1279829.0,6.814,1223531.0,4.919,683405.0,8.097,1502052.0,5.221,839002.0,14.669999999999998,1020457.0,9.174,1004621.0,6.939,884559.0,6.388,793266.0,8.620000000000001,782766.0,7.071,784595.0,11.642,833001.0,5.71,1423610.0,4.047,633904.0,4.544,684232.0
73079100,Iron & Steel,21.266,406061.0,4.613,249457.0,16.377000000000002,406454.0,20.306,366702.0,13.697,289631.0,19.35,315398.0,10.517,208772.0,19.798,325756.0,13.211000000000002,429274.0,12.256,345310.0,17.771,408705.0,8.423,259701.0,12.056999999999999,350295.0,6.259,271766.0,12.282,288549.0,15.944999999999999,593172.0,15.785,274478.0,6.823,397947.0,7.484999999999999,237024.0,8.737,248822.0,6.7829999999999995,711637.0,4.203,156074.0,9.647,278163.0,6.043,151897.0,13.378,362270.0,9.084,260089.0,21.975,316702.0,12.014,601368.0,9.555,292534.0,14.681000000000001,359772.0,21.436,297757.0,23.39,426003.0,19.959,447084.0,25.582,391958.0,6.4030000000000005,354384.0,6.865,303316.0,17.203,770526.0,27.205000000000002,366786.0,9.937000000000001,348782.0,8.193000000000001,254035.0,9.062000000000001,436929.0,14.333000000000002,292354.0,11.111,616601.0,23.342,526341.0,15.384,612722.0,11.833,487199.0,8.89,533166.0,18.381999999999998,206705.0
7308,Iron & Steel,192.071,1227867.0,105.51400000000001,1313721.0,288.053,4505400.0,201.08499999999998,1423834.0,454.2,2676361.0,247.13400000000001,1511840.0,410.53900000000004,2090929.0,511.11,3059850.0,422.73699999999997,2848041.0,233.042,2092914.0,361.115,2761289.0,324.96500000000003,2513000.0,289.65999999999997,2184749.0,548.2,1410305.0,469.817,4069819.0,317.643,2779240.0,490.553,2638744.0,149.77100000000002,1198970.0,242.41199999999998,1869554.0,422.28100000000006,2313565.0,629.165,2481538.0,482.811,3909309.0,382.416,2967151.0,302.279,2679259.0,234.685,1734466.0,435.54499999999996,2129684.0,306.853,3045210.0,220.398,2734149.0,309.299,4226299.0,380.691,2269770.0,604.525,3475850.0,707.295,3278782.0,531.774,2605418.0,474.133,2497193.0,450.44300000000004,2589377.0,487.971,3206808.0,464.265,2729537.0,343.613,2087217.0,408.43600000000004,1799545.0,430.311,3638157.0,1355.606,4016122.0,678.868,3097058.0,1140.665,3970845.0,801.637,2999382.0,1272.672,22548964.0,681.0600000000001,16769175.0,302.24699999999996,2211170.0,186.199,1257421.0
7309,Iron & Steel,176.544,1200857.0,139.022,807835.0,40.876999999999995,711157.0,392.241,2138912.0,129.328,957812.0,143.15699999999998,851622.0,227.44,1051033.0,240.527,1690646.0,181.048,1456218.0,656.057,3539946.0,463.88,2381115.0,101.44800000000001,816257.0,77.091,552219.0,196.427,649102.0,263.044,1015172.0,68.72999999999999,1241115.0,210.33499999999998,2197648.0,302.02,3963872.0,151.673,656737.0,224.44299999999998,3312751.0,76.61699999999999,585960.0,144.552,2646317.0,64.444,1970602.0,214.19899999999998,1401082.0,242.296,1103041.0,182.772,2167212.0,156.78699999999998,1458135.0,170.442,866567.0,185.107,1070401.0,168.942,1393732.0,32.36,193426.0,42.408,286646.0,28.564,303699.0,17.108,147526.0,64.856,618775.0,147.39600000000002,1625492.0,40.814,1008497.0,19.569,428940.0,82.977,590382.0,62.116,704941.0,38.399,386267.0,59.120000000000005,2078247.0,45.013999999999996,416128.0,37.893,1546701.0,52.234,284522.0,98.447,3704907.0,179.254,5265449.0,209.317,4610098.0
7310,Iron & Steel,194.39000000000001,1795482.0,105.60999999999999,950251.0,198.124,1827519.0,346.863,1871114.0,266.248,1830838.0,464.62,2272063.0,703.9970000000001,3990325.0,378.914,2612857.0,358.107,1988221.0,394.562,2734691.0,356.007,1361185.0,431.179,2370343.0,766.632,3034487.0,506.39300000000003,2331999.0,542.789,2041932.0,642.755,3134421.0,578.36,4582025.0,1124.875,5136971.0,874.817,3726158.0,703.365,3119044.0,773.393,3950075.0,728.5550000000001,2935850.0,732.397,2791827.0,501.063,2617750.0,385.37600000000003,2587374.0,787.265,2818476.0,902.165,3335304.0,947.659,3517064.0,800.652,3350923.0,591.903,2554114.0,646.217,2702539.0,419.31800000000004,2010994.0,586.0310000000001,1746809.0,335.557,1420240.0,447.009,1814078.0,720.569,2274972.0,542.36,2153876.0,423.25200000000007,2678841.0,270.675,1903744.0,381.496,2505733.0,968.6139999999999,3048131.0,792.732,3161194.0,811.528,4330434.0,242.75,1961970.0,566.51,3167927.0,375.46999999999997,2357257.0,397.25300000000004,1932911.0,465.08599999999996,1922331.0
731100,Iron & Steel,180.261,3284899.0,152.019,2661586.0,95.45599999999999,3587606.0,67.932,2348673.0,59.363,1865276.0,123.684,1875626.0,92.386,1489724.0,121.078,2344598.0,137.71800000000002,1922425.0,61.819,2039165.0,118.18900000000001,3398306.0,135.398,2966887.0,86.32000000000001,1928026.0,385.03000000000003,1587289.0,526.937,2671800.0,134.60899999999998,1460186.0,171.195,2831290.0,304.652,2741264.0,146.543,1486524.0,390.27,2025205.0,234.63600000000002,1430638.0,640.071,1422635.0,1037.0700000000002,5682980.0,129.608,980890.0,942.132,1498740.0,585.673,3780654.0,402.90500000000003,3411440.0,889.0,5894125.0,487.82700000000006,3362567.0,238.371,1954938.0,214.334,2142166.0,76.796,1660790.0,271.48,2135859.0,608.54,3114586.0,264.839,2140656.0,456.904,2243546.0,256.17199999999997,2552415.0,133.60999999999999,1704039.0,509.32399999999996,4724457.0,529.7180000000001,5106529.0,90.811,1650345.0,111.45,1934597.0,148.579,2004752.0,319.896,3010472.0,105.279,1238747.0,210.49099999999999,1371192.0,98.413,1262753.0,239.914,1102288.0
731815,Iron & Steel,671.496,15784730.0,530.938,15010153.0,760.803,17727608.0,654.1479999999999,18311026.0,816.5930000000001,18230646.0,696.359,17720321.0,632.069,18031565.0,783.443,20473072.0,896.923,24309408.0,793.9159999999999,21451973.0,688.448,19965175.0,569.338,17452507.0,675.8340000000001,20123000.0,711.037,18697325.0,796.053,21559824.0,710.566,18074226.0,698.8199999999999,18557475.0,766.172,34456900.0,653.759,18062649.0,519.213,18317247.0,639.284,18914907.0,615.21,18247562.0,593.833,20594787.0,477.23199999999997,16227084.0,700.637,20182627.0,775.1229999999999,21216766.0,657.312,20258019.0,657.864,22676862.0,564.633,20205891.0,499.58900000000006,19080581.0,533.867,21140308.0,427.707,19102779.0,503.534,20915153.0,554.0310000000001,21223072.0,497.146,20487369.0,401.57800000000003,17580735.0,498.76800000000003,22538085.0,646.546,25928664.0,514.173,23330363.0,548.5350000000001,22341945.0,582.577,21915919.0,523.126,20344592.0,477.238,21267690.0,454.003,19631492.0,495.204,22244416.0,495.41400000000004,20465298.0,430.50699999999995,18866028.0,401.52,20461912.0
731816,Iron & Steel,205.65,7785712.0,131.926,6758227.0,191.014,10266264.0,217.535,8318002.0,211.584,8444622.0,279.087,10895783.0,175.147,7962139.0,190.126,10712724.0,252.545,10931908.0,155.732,8687266.0,173.886,10780529.0,105.681,8015007.0,169.072,9009040.0,168.833,10242840.0,195.176,12091553.0,168.325,9231957.0,218.237,10911530.0,234.788,9990860.0,204.332,10386040.0,182.073,9849475.0,206.719,9629845.0,134.384,7720723.0,165.01,13138837.0,108.864,8535042.0,132.357,10461019.0,146.974,11959460.0,138.868,10281423.0,181.105,11263984.0,117.968,11660388.0,148.49200000000002,12126780.0,139.196,12841550.0,163.91,15520087.0,122.617,10544728.0,118.647,12481926.0,160.46099999999998,14394696.0,137.022,10945731.0,115.54,14113912.0,124.34700000000001,15424957.0,161.387,18814698.0,143.305,13815921.0,141.48499999999999,13209591.0,119.718,10776621.0,166.882,12987652.0,111.702,13370555.0,134.03199999999998,11963196.0,124.556,13260898.0,141.541,11574085.0,100.601,10797157.0
73182200,Iron & Steel,49.916000000000004,4713054.0,83.30499999999999,3733332.0,77.886,4120479.0,57.894000000000005,3292323.0,106.376,4760022.0,83.026,3954593.0,100.904,4111465.0,72.096,4070899.0,69.538,7471866.0,85.183,4447914.0,76.16,4235094.0,64.818,4307013.0,135.073,4291403.0,96.71000000000001,4536715.0,78.346,5709823.0,62.326,4154279.0,69.673,4902431.0,48.803,4308426.0,59.116,5066505.0,59.102,4395116.0,49.971,5068591.0,72.315,4149170.0,56.352,4202090.0,49.786,4064646.0,216.0,5723817.0,46.091,4722654.0,55.404999999999994,4119866.0,121.81800000000001,5719282.0,43.477,3869950.0,46.025,4717702.0,49.245,5320546.0,43.306,4708467.0,49.279,4855097.0,46.558,5701529.0,54.818,4610457.0,136.129,6005528.0,39.712,5459108.0,45.689,6753087.0,44.922000000000004,5677175.0,50.963,9600104.0,41.112,4994245.0,59.61900000000001,4227848.0,47.675,4805889.0,34.022000000000006,4750401.0,49.509,4972951.0,49.1,6253089.0,40.341,4824996.0,65.809,4833572.0
73182300,Iron & Steel,36.058,1457715.0,14.491,1520784.0,22.841,1625712.0,35.759,1335303.0,55.36,1533338.0,73.735,1885912.0,13.796000000000001,1426524.0,18.57,1449907.0,26.631,1790234.0,12.668000000000001,1420638.0,31.591,1779945.0,12.11,1194560.0,11.131,1185464.0,11.443999999999999,1371631.0,11.972,1475322.0,8.612,1081796.0,10.774,1209574.0,12.886000000000001,1461536.0,7.941,1260770.0,11.237,1502670.0,11.011,1335982.0,11.331,1312167.0,11.672,1204093.0,10.805,1405423.0,11.851,1625966.0,7.316,1734750.0,17.685,1545202.0,14.222,1759320.0,17.205000000000002,1872303.0,10.347,1819735.0,10.967,2278848.0,8.408,1911487.0,11.028,1982781.0,16.93,2628748.0,8.674,2425207.0,13.961000000000002,2632332.0,24.21,3096019.0,13.394,3115928.0,12.473,3913561.0,9.101,3049050.0,11.011,2622952.0,9.828,2196498.0,10.583,2857482.0,9.126000000000001,2467338.0,19.091,3743395.0,9.544,3165637.0,11.67,2583642.0,11.448,2870781.0
73269098,Iron & Steel,1202.464,34054158.0,1225.2379999999998,36848825.0,1628.683,43530536.0,1514.5819999999999,39308837.0,1753.0049999999999,42779469.0,1672.485,42298559.0,1639.264,40356285.0,1449.291,43420173.0,1375.584,45541626.0,1616.581,44681226.0,1369.8139999999999,43488627.0,1005.518,38754008.0,1433.2350000000001,42040164.0,1447.301,38465203.0,1748.292,47232583.0,1693.3349999999998,39979026.0,1377.328,42802385.0,1629.316,44617544.0,1577.788,42748249.0,1132.646,44311565.0,1296.469,43759474.0,1125.51,34727603.0,2410.748,42249167.0,1176.3,37846265.0,1959.136,41779902.0,1296.23,40461660.0,2279.589,45726232.0,1398.074,48089268.0,1231.598,40184718.0,1216.513,38665529.0,1143.466,41208325.0,1366.598,39491629.0,938.906,35569886.0,1229.8049999999998,42332226.0,1813.5549999999998,43378737.0,1135.199,36487286.0,1068.4299999999998,41597661.0,784.1510000000001,40201839.0,1389.616,48561970.0,1373.932,48796724.0,1687.61,45877889.0,1035.345,37911444.0,1250.989,44446163.0,1247.758,36335211.0,1493.102,43715405.0,1755.298,49174744.0,1425.093,39760348.0,1389.09,39304132.0
7601,Aluminium,430.89300000000003,2278073.0,282.868,1363727.0,304.571,1629956.0,476.573,2603279.0,544.152,3061364.0,506.55,3077348.0,365.557,2268002.0,155.76500000000001,1229099.0,755.948,5094085.0,1409.087,9113819.0,1856.6080000000002,10571046.0,1001.875,5207633.0,636.351,3280426.0,560.004,2941607.0,827.778,4183173.0,916.357,4553743.0,540.275,2949083.0,1172.429,5727537.0,1087.602,4847127.0,751.5310000000001,3157222.0,2140.224,7730642.0,1345.928,5684199.0,940.6610000000001,3879061.0,476.177,1821930.0,815.0649999999999,3353574.0,1103.145,4424958.0,1223.856,5311531.0,2026.432,7849123.0,1237.803,4736009.0,1954.8419999999999,6763954.0,1070.407,4855919.0,1226.482,5265555.0,1682.1029999999998,6160065.0,605.083,2862658.0,937.268,4172974.0,705.074,3214281.0,1305.3700000000001,5841309.0,561.9680000000001,2849797.0,719.233,3600703.0,486.48900000000003,2670809.0,685.86,3280838.0,759.363,4202018.0,833.368,4185186.0,215.823,911776.0,566.118,2694771.0,711.472,3112368.0,782.21,3970093.0,550.4100000000001,2658908.0
7603,Aluminium,13.229,388637.0,6.555,321190.0,5.8420000000000005,569153.0,5.7490000000000006,396635.0,26.293,563423.0,13.866999999999999,349925.0,48.239999999999995,545813.0,105.57300000000001,1401015.0,106.511,762978.0,74.431,674744.0,35.723,716974.0,13.415000000000001,478358.0,24.519,724509.0,8.501999999999999,344442.0,27.147000000000002,635205.0,11.537,513497.0,18.274,489749.0,22.830000000000002,685238.0,12.387,757291.0,13.773,905604.0,6.6290000000000004,928396.0,6.688,576443.0,30.136000000000003,818946.0,2.331,129855.0,29.875999999999998,588308.0,67.846,510545.0,23.673,661123.0,33.435,597483.0,24.822,401141.0,54.824,666646.0,27.339999999999996,553520.0,103.02799999999999,1068166.0,180.049,1286283.0,237.21999999999997,1341869.0,155.403,1284668.0,216.852,1578629.0,181.702,1322076.0,43.980000000000004,1220867.0,78.998,839123.0,126.95,1257770.0,28.672000000000004,555020.0,19.363999999999997,452998.0,21.981,330484.0,58.492999999999995,595255.0,105.84100000000001,994040.0,55.617999999999995,612897.0,3.0780000000000003,298274.0,23.281,517652.0
76041010,Aluminium,1.142,25142.0,1.7489999999999999,22963.0,6.484999999999999,95553.0,3.2619999999999996,61361.0,4.731,99847.0,1.541,27596.0,1.636,46799.0,1.684,37166.0,2.412,90677.0,3.277,90494.0,2.382,86728.0,1.511,64906.0,0.19,13324.0,1.47,38968.0,1.7690000000000001,34406.0,3.3200000000000003,90033.0,2.846,132419.0,11.451,215303.0,1.846,50205.0,1.266,46493.0,6.035,263205.0,1.024,53605.0,2.054,54452.0,0.384,26647.0,2.3760000000000003,75250.0,1.399,35772.0,4.239,83953.0,1.011,47818.0,1.3599999999999999,20267.0,0.683,43077.0,0.5389999999999999,33725.0,3.6710000000000003,106423.0,0.667,29558.0,1.247,47408.0,0.631,31847.0,0.736,20908.0,3.476,125683.0,4.654999999999999,144983.0,3.901,94026.0,5.14,271288.0,1.56,96607.0,3.5840000000000005,75229.0,0.6759999999999999,40782.0,3.658,106102.0,0.23199999999999998,15937.0,0.726,26513.0,6.662999999999999,196092.0,0.45499999999999996,27829.0
76041090,Aluminium,18.166,180045.0,13.13,142860.0,31.781,269411.0,5.208,148089.0,10.671,91130.0,14.184999999999999,160545.0,2.128,45176.0,3.225,56633.0,1.656,73495.0,2.398,78045.0,2.871,124758.0,3.321,79610.0,1.21,63594.0,3.2399999999999998,34281.0,2.513,43163.0,1.373,50468.0,4.909000000000001,109815.0,1.616,38474.0,9.735,98421.0,3.564,108049.0,1.7469999999999999,68103.0,1.707,70818.0,1.7309999999999999,114933.0,0.51,78941.0,1.3980000000000001,196065.0,1.7,85281.0,15.102,219149.0,4.479,46055.0,6.659999999999999,121602.0,2.815,63249.0,11.948,74150.0,5.561,70853.0,7.725,72873.0,4.083,100616.0,2.311,39046.0,2.739,66393.0,2.5469999999999997,97016.0,2.834,97319.0,1.137,108639.0,1.408,103455.0,5.523,136773.0,2.158,74539.0,2.0300000000000002,96310.0,0.8960000000000001,81312.0,0.984,116363.0,0.616,40012.0,1.9440000000000002,29371.0,0.72,24903.0
76042100,Aluminium,25.433,344585.0,17.291,292756.0,16.158,329967.0,27.847,435925.0,27.129,467280.0,26.784,468365.0,23.56,459797.0,10.828,146042.0,20.927,479198.0,35.869,386064.0,20.027,620509.0,6.7379999999999995,109915.0,11.725,173380.0,26.854000000000003,419272.0,13.624,229320.0,18.019,229350.0,5.475,117323.0,29.125,313582.0,7.483,118673.0,7.138,92941.0,4.82,87817.0,3.073,223060.0,8.359,194662.0,10.256,91057.0,10.254000000000001,181151.0,13.211000000000002,170731.0,23.185,236181.0,18.985,286013.0,1.984,48013.0,11.394,401172.0,50.405,355090.0,42.198,311704.0,28.802999999999997,273314.0,23.916999999999998,259083.0,10.384,155398.0,21.187,275569.0,29.488999999999997,410735.0,19.02,175001.0,21.996000000000002,321719.0,34.55,331134.0,20.811,230136.0,6.933,169962.0,8.506,84181.0,18.587,147021.0,5.987,83467.0,12.467,155607.0,18.997999999999998,147690.0,15.354,117385.0
76042910,Aluminium,91.84700000000001,1552538.0,80.708,753267.0,85.034,1120134.0,102.61500000000001,1867777.0,99.149,2017991.0,144.628,1908964.0,117.53699999999999,1552198.0,218.62800000000001,2552180.0,193.825,2526557.0,188.322,2623782.0,255.91199999999998,3641714.0,167.31900000000002,3304550.0,135.292,2362419.0,239.09099999999998,3668600.0,247.836,3486466.0,268.241,4047423.0,173.846,2544698.0,247.138,5431146.0,258.613,3342381.0,161.31900000000002,2277483.0,185.05,3176236.0,255.20100000000002,5012617.0,136.214,2347176.0,179.833,3081445.0,87.689,1031141.0,299.041,4532233.0,139.50799999999998,2317594.0,248.565,3996848.0,222.189,2973578.0,252.877,3176026.0,135.849,2369842.0,217.821,3499659.0,127.2,2040194.0,245.09499999999997,3078566.0,147.73399999999998,2402030.0,176.701,2843326.0,219.269,2506242.0,133.108,2210573.0,230.267,3304259.0,155.93900000000002,2412365.0,283.18600000000004,3234361.0,125.81300000000002,1667162.0,145.759,2351957.0,124.5,1732590.0,281.68899999999996,3209840.0,143.649,1965306.0,167.2,2330681.0,114.76700000000001,1457157.0
76042990,Aluminium,54.069,1434607.0,66.221,1981498.0,105.05799999999999,2019229.0,114.322,2009867.0,127.543,2704150.0,125.178,2287213.0,60.767999999999994,2328197.0,57.159000000000006,2223524.0,61.085,2327073.0,104.697,2948111.0,66.416,1919412.0,70.91499999999999,1437802.0,123.36600000000001,2544272.0,91.481,1429794.0,118.849,2885475.0,94.265,2302954.0,70.899,2081646.0,133.253,2046695.0,102.151,2445072.0,99.07000000000001,2534944.0,106.24600000000001,3016662.0,70.789,2220537.0,141.184,2972451.0,85.352,1895098.0,154.58800000000002,3837079.0,82.779,1620335.0,108.84,2857065.0,167.822,4841805.0,133.315,3553744.0,113.508,2606743.0,134.757,2510722.0,166.291,3214297.0,193.644,3190923.0,143.081,2731965.0,108.405,2286956.0,74.215,1926217.0,103.19200000000001,2981593.0,46.941,1898368.0,149.402,3551040.0,124.497,3312523.0,158.38299999999998,4495554.0,91.32300000000001,1909679.0,79.757,2533801.0,102.628,1994896.0,94.482,3109648.0,92.42999999999999,2530650.0,102.57300000000001,2815757.0,60.222,2621375.0
7605,Aluminium,486.974,2412185.0,244.901,1368060.0,355.675,2089679.0,354.05,2205302.0,1087.159,5897298.0,640.551,3732898.0,545.294,3199221.0,249.248,1928878.0,303.585,1850573.0,349.591,1949506.0,529.757,3207797.0,84.69800000000001,692458.0,151.384,951881.0,371.043,1923227.0,268.716,1409953.0,220.36700000000002,1297078.0,189.75799999999998,1050726.0,280.775,1591796.0,281.12399999999997,1420343.0,67.186,521658.0,219.647,984023.0,82.922,620374.0,320.886,1461871.0,181.387,977709.0,158.584,1109995.0,250.387,1379530.0,193.452,1087096.0,224.75100000000003,1205394.0,376.886,1731701.0,253.914,1206961.0,240.81300000000002,1326301.0,92.689,520809.0,349.49,1838507.0,481.42299999999994,2098668.0,341.536,1635985.0,184.506,967550.0,213.419,1189810.0,138.197,837395.0,377.90500000000003,1890419.0,136.268,740144.0,252.833,1169388.0,272.94899999999996,1272019.0,431.346,1925699.0,39.833,243223.0,89.70599999999999,562637.0,350.046,1677090.0,219.75900000000001,1280250.0,62.519000000000005,406565.0
7606,Aluminium,1366.471,9034104.0,1214.618,9046752.0,1565.715,12129329.0,1284.029,10642781.0,1397.588,11213280.0,3178.65,22802032.0,1840.6060000000002,13642114.0,1812.8020000000001,13977641.0,2105.761,16434455.0,2201.817,18306711.0,2276.3,19491184.0,1520.7,12216298.0,2004.1209999999999,16200366.0,2225.603,17045627.0,2509.148,18851646.0,2352.016,17835085.0,2036.111,15717466.0,2113.3900000000003,15390764.0,1638.178,14613048.0,1841.991,15626718.0,2372.939,17791662.0,2367.406,18495718.0,2424.009,19012521.0,1660.104,14053124.0,1817.605,14699923.0,1916.014,18142598.0,1755.812,13365971.0,2109.938,16060427.0,2191.7400000000002,16902245.0,2296.859,17793408.0,2160.623,18322430.0,1855.173,16350528.0,2879.2419999999997,19790030.0,1950.4669999999999,17454960.0,1894.1979999999999,17094648.0,1720.468,15056568.0,2028.8700000000001,17001100.0,2831.3630000000003,11365588.0,2791.132,23988269.0,1172.817,12277703.0,2360.103,18038599.0,1834.2740000000001,14486372.0,1442.4850000000001,13214397.0,1230.166,9700247.0,1442.484,13313012.0,1439.159,11197096.0,1429.923,12109744.0,1040.537,9293713.0
7607,Aluminium,219.72899999999998,2426673.0,180.93,1699052.0,268.803,2943737.0,240.652,2833589.0,258.79,2949511.0,292.238,3342545.0,171.678,2251446.0,271.853,3638612.0,154.28900000000002,2731558.0,270.966,3423502.0,139.869,2679350.0,127.548,1873707.0,157.93099999999998,2165349.0,173.35899999999998,2739353.0,165.54000000000002,2386855.0,183.474,2474335.0,178.411,2748753.0,298.693,3686898.0,119.975,1988170.0,175.018,2815508.0,169.198,2997932.0,131.87,2445724.0,172.115,2452093.0,107.48499999999999,2429487.0,202.68099999999998,2675788.0,206.737,3093021.0,191.406,2736537.0,270.26,3660426.0,138.168,2322877.0,155.842,2253713.0,234.17800000000003,2673146.0,260.238,3232110.0,161.644,2149416.0,124.93599999999999,2162801.0,116.21400000000001,1651000.0,137.597,1899198.0,165.523,2469437.0,124.975,1944996.0,135.87,2045944.0,131.45,2159844.0,222.652,2325912.0,145.201,2163772.0,165.435,2198340.0,149.84,2148124.0,187.668,1957126.0,161.397,1987430.0,116.651,1719871.0,180.818,1971982.0
7608,Aluminium,26.267000000000003,612688.0,30.514999999999997,632887.0,28.211000000000002,717012.0,8.702,356204.0,60.534000000000006,1417968.0,66.931,1182254.0,35.181,626222.0,30.108999999999998,787992.0,40.232,1122121.0,39.14,989628.0,65.977,1818670.0,39.229,942377.0,39.223,1426057.0,27.554000000000002,837579.0,64.868,1344769.0,31.967000000000002,681486.0,43.902,1056156.0,57.437,1153718.0,61.915,1072277.0,38.522000000000006,811520.0,15.318999999999999,716241.0,64.942,980830.0,49.289,900941.0,73.364,1149046.0,46.414,926884.0,10.452,493801.0,45.852,1018753.0,39.68,997361.0,51.53099999999999,1510562.0,22.353,847141.0,58.510000000000005,1038578.0,75.709,1134157.0,50.868,847030.0,51.803,1118889.0,7.935,533434.0,54.272000000000006,1019850.0,66.935,1314280.0,32.864999999999995,859569.0,62.995000000000005,1218934.0,126.55799999999999,2157432.0,96.765,1304604.0,86.111,1329315.0,73.421,1447886.0,15.181000000000001,980551.0,50.489,818604.0,111.696,1526412.0,35.852999999999994,837050.0,74.127,1265165.0
76090000,Aluminium,16.982,1403311.0,10.974,1230954.0,15.892,1312526.0,27.998,1642040.0,30.702999999999996,1939468.0,35.117000000000004,2193501.0,28.433999999999997,2131013.0,24.351,1853760.0,24.837,2045448.0,19.246000000000002,1635875.0,25.663999999999998,1767613.0,23.974,1665011.0,23.756,2075134.0,19.285,1611432.0,22.182,2309496.0,21.931,1462269.0,26.413,2032087.0,31.183999999999997,2105873.0,35.373000000000005,2032933.0,24.607,2035711.0,24.589,1981412.0,31.939,2579354.0,24.448,2257268.0,19.256999999999998,2260826.0,24.488999999999997,2510577.0,27.625999999999998,2355036.0,19.646,1996727.0,20.961000000000002,2827409.0,21.47,2493156.0,20.985,2346947.0,13.961000000000002,2428009.0,20.223,2709433.0,18.037,2297962.0,20.53,2829031.0,13.862,2558858.0,14.821000000000002,1927276.0,25.299,3153384.0,26.264,2754726.0,12.812999999999999,2820884.0,18.067,2609033.0,17.775,2890161.0,22.503999999999998,2875907.0,15.975999999999999,2519865.0,17.411,2320805.0,26.917,2369349.0,11.834999999999999,2507687.0,27.574,2947805.0,9.384,2201130.0
76101000,Aluminium,10.503,219199.0,21.235,233186.0,25.365000000000002,237561.0,62.464999999999996,401255.0,23.096,202190.0,33.967,288868.0,22.756,147827.0,84.53200000000001,239971.0,47.275999999999996,167966.0,36.724000000000004,257131.0,51.283,245913.0,11.399,63875.0,16.994,252305.0,9.603,95287.0,8.174,251091.0,25.766000000000002,587061.0,6.394,190770.0,8.654,75160.0,2.3760000000000003,48318.0,3.4530000000000003,53171.0,16.628999999999998,203965.0,38.480000000000004,692825.0,30.323,299053.0,1.5630000000000002,56475.0,22.112000000000002,247595.0,2.205,20462.0,7.69,119570.0,4.007,78049.0,19.837,337597.0,13.788,260091.0,0.302,14146.0,11.535,305968.0,3.8299999999999996,89378.0,10.153,238925.0,6.096,128634.0,2.981,66909.0,12.754999999999999,302008.0,8.919,269677.0,11.268,320967.0,6.352,124811.0,2.213,60554.0,4.928,150902.0,1.115,22990.0,5.473,70263.0,15.588999999999999,123573.0,161.094,1419397.0,38.838,681698.0,2.176,34584.0
76110000,Aluminium,3.098,123019.0,1.709,75577.0,3.78,104804.0,1.686,70191.0,6.590999999999999,95677.0,3.342,22944.0,0.3,12075.0,4.1240000000000006,102291.0,11.297,492223.0,4.372,99140.0,3.228,87426.0,0.836,52411.0,5.411,154297.0,6.266,87804.0,34.063,952659.0,44.137,1234071.0,48.149,1595746.0,25.064,651092.0,5.538,82998.0,15.591,335640.0,9.323,828976.0,20.459,378923.0,18.089,547768.0,13.002,183642.0,12.007,200223.0,3.85,71566.0,0.795,45688.0,1.9129999999999998,327255.0,3.4479999999999995,49675.0,1.7899999999999998,171059.0,2.379,91132.0,1.568,75952.0,9.428,176559.0,10.728,466153.0,0.7929999999999999,172571.0,0.9720000000000001,18367.0,6.520999999999999,78080.0,3.116,49763.0,0.365,6429.0,4.2509999999999994,47312.0,3.5,145816.0,1.2970000000000002,25654.0,2.143,67242.0,2.202,60553.0,0.25,36879.0,0.009,990.0,0.125,3264.0,0.27799999999999997,4521.0
7612,Aluminium,87.709,2145295.0,219.192,2060954.0,218.542,2399003.0,42.632999999999996,1324815.0,43.994,1412672.0,81.715,1317768.0,118.37899999999999,2684294.0,141.527,1424177.0,125.58900000000001,2130278.0,195.237,2570990.0,93.81,1761019.0,353.403,3432013.0,296.838,2387411.0,121.10999999999999,2077133.0,147.494,3210627.0,61.738,1697095.0,28.219,938419.0,68.15700000000001,2333780.0,26.206,718326.0,118.22,3040159.0,57.976,1297287.0,82.808,2573876.0,55.623000000000005,1683757.0,122.547,1464657.0,118.178,2160429.0,154.595,1480627.0,137.035,2807725.0,86.091,2003541.0,150.48,2266662.0,279.84299999999996,4038121.0,160.81,2729223.0,116.806,1043889.0,34.989,1941705.0,61.7,1276578.0,63.609,1433702.0,94.724,2075725.0,132.732,895936.0,142.256,1098152.0,364.865,1529380.0,65.232,1303652.0,125.70599999999999,776677.0,94.2,735411.0,147.007,881449.0,93.575,953449.0,170.849,871417.0,116.585,985244.0,69.95599999999999,582384.0,82.795,888285.0
76130000,Aluminium,11.606,963347.0,26.562,1691094.0,17.616999999999997,1425110.0,23.509999999999998,2267738.0,32.589,1908006.0,25.944,1902371.0,24.768,1789591.0,21.601,2407647.0,28.891000000000002,2345160.0,28.415,1770128.0,21.051,1936209.0,23.144,1894103.0,23.136000000000003,2042489.0,18.384999999999998,1920059.0,26.881999999999998,2201725.0,17.688,1481252.0,21.512,2321826.0,22.078,2499341.0,30.284,1845064.0,15.05,1559758.0,21.219,1617560.0,32.068,2479852.0,22.833000000000002,2345328.0,19.677,1600948.0,25.449,2282644.0,25.038999999999998,2100854.0,19.843,1913466.0,43.333,3609089.0,40.361000000000004,3442830.0,31.43,2608212.0,25.2,2634013.0,40.525999999999996,2595228.0,29.491000000000003,2550810.0,41.61,3519081.0,28.151,2547070.0,75.107,2966501.0,26.274,2896451.0,51.124,3454548.0,39.407,3793914.0,30.842000000000002,2806148.0,38.154,2124757.0,34.648,2329914.0,42.981,2764191.0,29.504,1879311.0,55.13099999999999,2700032.0,55.809000000000005,2928644.0,36.437,2981901.0,38.676,2296944.0
7614,Aluminium,175.33599999999998,3523883.0,68.755,1428196.0,50.847,1099783.0,0.34500000000000003,15508.0,0.072,6693.0,97.731,2336951.0,121.21400000000001,2286417.0,153.722,3165247.0,36.097,733905.0,0.037,7495.0,0.445,10023.0,0.041999999999999996,14749.0,0.173,8656.0,1.036,16208.0,21.494,908601.0,0.181,18895.0,0.032,4676.0,0.039,7562.0,0.16299999999999998,15707.0,0.197,23045.0,0.421,10200.0,0.127,20434.0,0.181,7635.0,6.233,243776.0,0.654,20784.0,0.06999999999999999,20896.0,1.139,41152.0,492.338,2234120.0,55.584,311261.0,0.06999999999999999,7750.0,0.08499999999999999,14698.0,0.003,646.0,0.091,15604.0,0.258,4013.0,1.259,12874.0,0.8800000000000001,15355.0,2.4059999999999997,25323.0,0.20800000000000002,8416.0,0.9199999999999999,11565.0,0.08199999999999999,4616.0,2.524,39446.0,7.118,66710.0,0.173,15591.0,0.376,23096.0,0.9,4483.0,5.628,21738.0,5.777,40347.0,0.364,5843.0
76161000,Aluminium,25.187,2805702.0,23.125,3043031.0,26.264,3250072.0,22.893,3048521.0,17.084,2903606.0,26.631,3254057.0,33.325,3193474.0,30.399,3997865.0,31.857999999999997,3942721.0,25.957,3425903.0,31.899,4324145.0,20.116,2909562.0,30.179000000000002,3311801.0,18.264,3229467.0,48.927,4529979.0,16.064,2935114.0,29.377,3893619.0,28.617,4097667.0,25.776999999999997,2872116.0,34.296,3423349.0,22.944,4136837.0,23.79,4326275.0,22.309,4056096.0,30.473000000000003,3656495.0,44.405,3840718.0,22.325,4714284.0,22.093,4391414.0,51.785000000000004,4771631.0,27.282999999999998,3580968.0,23.671,3898781.0,26.237000000000002,4432810.0,39.235,4726361.0,26.454,4134438.0,26.560000000000002,4636191.0,33.231,4996462.0,19.552,4026383.0,32.394,6129203.0,24.442,6001928.0,29.056,6347723.0,21.456,4773814.0,39.339,4740494.0,30.729000000000003,4134821.0,32.004000000000005,5667759.0,14.180000000000001,3924692.0,19.293,5544917.0,25.832,4892313.0,28.663,5077595.0,17.327,4166756.0
76169100,Aluminium,15.443999999999999,295986.0,8.517,128560.0,21.034,254186.0,19.946,260549.0,37.557,464100.0,16.94,249004.0,1.19,57419.0,13.569999999999999,198975.0,2.315,71010.0,12.084,207519.0,1.671,55613.0,16.144,267002.0,8.274,187321.0,1.725,87760.0,6.751,104274.0,9.344,182182.0,16.943,242711.0,4.7219999999999995,91750.0,7.779000000000001,231456.0,1.144,113837.0,10.4,158343.0,1.484,58359.0,1.9780000000000002,114425.0,1.264,62625.0,12.206999999999999,197244.0,7.616,158881.0,15.001,318068.0,20.663999999999998,259499.0,6.262,174602.0,6.965999999999999,112929.0,15.15,231445.0,2.714,117844.0,7.259,115186.0,11.574,242071.0,17.202,264169.0,0.678,23946.0,2.847,60725.0,10.524,144557.0,9.788,190268.0,23.939,495398.0,13.294,177621.0,17.330000000000002,367316.0,6.635,153281.0,0.9560000000000001,99910.0,11.495000000000001,231508.0,4.413,125176.0,4.497999999999999,135240.0,1.6989999999999998,51512.0
76169910,Aluminium,13.613999999999999,1158240.0,63.31699999999999,1324655.0,34.173,1491977.0,24.243000000000002,1466652.0,20.969,1183087.0,18.585,1661004.0,15.559000000000001,1253375.0,28.369999999999997,1753055.0,20.750999999999998,1646870.0,28.841,1490021.0,19.03,1480509.0,20.589,1413199.0,53.201,2143482.0,24.630000000000003,1543526.0,34.523,2455660.0,21.43,1483706.0,26.957,1467598.0,26.367,1565804.0,18.137999999999998,1359567.0,35.801,1919034.0,37.836,2065298.0,40.458999999999996,2566789.0,50.964999999999996,1739516.0,15.227,1330619.0,44.413,1827937.0,20.511000000000003,2024138.0,15.216,1506792.0,19.16,1461468.0,24.755000000000003,1896031.0,55.940999999999995,2003420.0,25.012,1522501.0,75.369,2420416.0,28.275,1569288.0,46.150999999999996,1572034.0,53.06,1747836.0,71.115,1858250.0,19.962,1896770.0,90.015,2897284.0,33.411,2635910.0,26.154000000000003,2005853.0,76.50800000000001,3739345.0,35.306,2073593.0,42.803,2172420.0,26.195999999999998,1753208.0,40.911,1835126.0,31.012,2009865.0,38.410000000000004,1977190.0,47.977999999999994,2163445.0
76169990,Aluminium,249.215,10293336.0,217.43699999999998,10236307.0,285.68899999999996,13458229.0,299.327,12908633.0,301.621,15102898.0,348.523,16188415.0,278.96799999999996,13157801.0,215.448,14855293.0,248.74,14017227.0,278.928,15605094.0,246.01399999999998,13779684.0,266.687,13384164.0,361.45799999999997,16741617.0,291.031,13753205.0,275.354,16704897.0,368.534,16289575.0,310.505,16810331.0,294.974,14412886.0,291.358,14330092.0,281.195,14714359.0,191.738,13719694.0,277.164,15649145.0,183.119,13106564.0,267.475,13236408.0,305.644,16312494.0,207.64499999999998,14924132.0,280.897,15008421.0,392.443,15864413.0,313.789,16172803.0,166.701,12664640.0,242.196,14660400.0,261.57,14067157.0,189.226,12951515.0,282.505,15621350.0,284.67600000000004,15002312.0,227.46300000000002,12918327.0,203.55,13870860.0,200.35999999999999,13662324.0,212.987,15627606.0,324.62399999999997,16758554.0,330.03499999999997,16159664.0,216.36100000000002,15122293.0,237.69,15272679.0,235.368,14514707.0,268.581,15035747.0,217.685,14948040.0,206.91,13835425.0,311.411,16737207.0
